2026-10-03 17:48:37 [INFO] ============================================================
2026-10-03 17:48:37 [INFO] Gallica IIIF — ARK btv1b108488806
2026-10-03 17:48:37 [INFO] Folios: f19 → f19
2026-10-03 17:48:37 [INFO] Tamaño: full
2026-10-03 17:48:37 [INFO] Salida: datos/gallica/henoch_bnf
2026-10-03 17:48:37 [INFO] Pausa entre descargas: 8.0–20.0s
2026-10-03 17:48:37 [INFO] ============================================================
2026-10-03 17:48:37 [INFO] Verificando manifest: https://gallica.bnf.fr/iiif/ark:/12148/btv1b108488806/manifest.json
2026-10-03 17:48:38 [INFO] Manifest OK. Canvases disponibles: 156
2026-10-03 17:48:38 [INFO] [1/1] f19
2026-10-03 17:48:38 [INFO] ============================================================
2026-10-03 17:48:38 [INFO] Completados: 0 / 1
2026-10-03 17:48:38 [INFO] Fallidos:    0
2026-10-03 17:48:38 [INFO] Estado: datos/gallica/henoch_bnf/estado.json
2026-10-03 17:48:38 [INFO] Log:    datos/gallica/henoch_bnf/descarga.log
2026-10-03 17:48:38 [INFO] ============================================================
2026-10-03 17:52:02 [INFO] ============================================================
2026-10-03 17:52:02 [INFO] Gallica IIIF — ARK btv1b108488806
2026-10-03 17:52:02 [INFO] Folios: f19 → f140
2026-10-03 17:52:02 [INFO] Tamaño: full
2026-10-03 17:52:02 [INFO] Salida: datos/gallica/henoch_bnf
2026-10-03 17:52:02 [INFO] Pausa entre descargas: 8.0–20.0s
2026-10-03 17:52:02 [INFO] ============================================================
2026-10-03 17:52:02 [INFO] Verificando manifest: https://gallica.bnf.fr/iiif/ark:/12148/btv1b108488806/manifest.json
2026-10-03 17:52:02 [INFO] Manifest OK. Canvases disponibles: 156
2026-10-03 17:52:02 [INFO] [1/122] f19
2026-10-03 17:52:05 [INFO]   0.0% (0.0 MB)
2026-10-03 17:52:05 [INFO]   0.0% (0.0 MB)
2026-10-03 17:52:05 [INFO]   0.0% (0.0 MB)
2026-10-03 17:52:05 [INFO]   0.0% (0.0 MB)
2026-10-03 17:52:05 [INFO]   0.0% (0.0 MB)
2026-10-03 17:52:05 [INFO]   0.0% (0.0 MB)
2026-10-03 17:52:05 [INFO]   0.0% (0.0 MB)
2026-10-03 17:52:05 [INFO]   0.0% (0.0 MB)
2026-10-03 17:52:05 [INFO]   0.0% (0.0 MB)
2026-10-03 17:52:05 [INFO]   0.0% (0.0 MB)
2026-10-03 17:52:05 [INFO]   0.0% (0.0 MB)
2026-10-03 17:52:08 [INFO]   0.0% (1.0 MB)
2026-10-03 17:52:08 [INFO]   0.0% (1.0 MB)
2026-10-03 17:52:08 [INFO]   0.0% (1.0 MB)
2026-10-03 17:52:08 [INFO]   0.0% (1.0 MB)
2026-10-03 17:52:08 [INFO]   0.0% (1.0 MB)
2026-10-03 17:52:08 [INFO]   0.0% (1.0 MB)
2026-10-03 17:52:08 [INFO]   0.0% (1.0 MB)
2026-10-03 17:52:08 [INFO]   0.0% (1.0 MB)
2026-10-03 17:52:08 [INFO]   0.0% (1.0 MB)
2026-10-03 17:52:08 [INFO]   0.0% (1.0 MB)
2026-10-03 17:52:08 [INFO]   0.0% (1.0 MB)
2026-10-03 17:52:08 [INFO]   0.0% (1.0 MB)
2026-10-03 17:52:09 [INFO]   0.0% (2.0 MB)
2026-10-03 17:52:09 [INFO]   0.0% (2.0 MB)
2026-10-03 17:52:09 [INFO]   0.0% (2.0 MB)
2026-10-03 17:52:09 [INFO]   0.0% (2.0 MB)
2026-10-03 17:52:09 [INFO]   0.0% (2.0 MB)
2026-10-03 17:52:09 [INFO]   0.0% (2.0 MB)
2026-10-03 17:52:09 [INFO]   0.0% (2.0 MB)
2026-10-03 17:52:09 [INFO]   0.0% (2.0 MB)
2026-10-03 17:52:09 [INFO]   0.0% (2.0 MB)
2026-10-03 17:52:09 [INFO]   0.0% (2.0 MB)
2026-10-03 17:52:09 [INFO]   0.0% (2.0 MB)
2026-10-03 17:52:09 [INFO]   0.0% (2.0 MB)
2026-10-03 17:52:10 [INFO]   ✓ f19.jpg — 2.86 MB en 5.3s
2026-10-03 17:52:10 [INFO]   ⏸  Pausa 12.0s...
2026-10-03 17:52:22 [INFO] [2/122] f20
2026-10-03 17:52:26 [INFO]   0.0% (0.0 MB)
2026-10-03 17:52:26 [INFO]   0.0% (0.0 MB)
2026-10-03 17:52:26 [INFO]   0.0% (0.0 MB)
2026-10-03 17:52:26 [INFO]   0.0% (0.0 MB)
2026-10-03 17:52:26 [INFO]   0.0% (0.0 MB)
2026-10-03 17:52:26 [INFO]   0.0% (0.0 MB)
2026-10-03 17:52:26 [INFO]   0.0% (0.0 MB)
2026-10-03 17:52:26 [INFO]   0.0% (0.0 MB)
2026-10-03 17:52:26 [INFO]   0.0% (0.0 MB)
2026-10-03 17:52:26 [INFO]   0.0% (0.0 MB)
2026-10-03 17:52:26 [INFO]   0.0% (0.0 MB)
2026-10-03 17:52:28 [INFO]   0.0% (1.0 MB)
2026-10-03 17:52:28 [INFO]   0.0% (1.0 MB)
2026-10-03 17:52:28 [INFO]   0.0% (1.0 MB)
2026-10-03 17:52:28 [INFO]   0.0% (1.0 MB)
2026-10-03 17:52:28 [INFO]   0.0% (1.0 MB)
2026-10-03 17:52:28 [INFO]   0.0% (1.0 MB)
2026-10-03 17:52:28 [INFO]   0.0% (1.0 MB)
2026-10-03 17:52:28 [INFO]   0.0% (1.0 MB)
2026-10-03 17:52:28 [INFO]   0.0% (1.0 MB)
2026-10-03 17:52:28 [INFO]   0.0% (1.0 MB)
2026-10-03 17:52:28 [INFO]   0.0% (1.0 MB)
2026-10-03 17:52:28 [INFO]   0.0% (1.0 MB)
2026-10-03 17:52:30 [INFO]   0.0% (2.0 MB)
2026-10-03 17:52:30 [INFO]   0.0% (2.0 MB)
2026-10-03 17:52:30 [INFO]   0.0% (2.0 MB)
2026-10-03 17:52:30 [INFO]   0.0% (2.0 MB)
2026-10-03 17:52:30 [INFO]   0.0% (2.0 MB)
2026-10-03 17:52:30 [INFO]   0.0% (2.0 MB)
2026-10-03 17:52:30 [INFO]   0.0% (2.0 MB)
2026-10-03 17:52:30 [INFO]   0.0% (2.0 MB)
2026-10-03 17:52:30 [INFO]   0.0% (2.0 MB)
2026-10-03 17:52:30 [INFO]   0.0% (2.0 MB)
2026-10-03 17:52:30 [INFO]   0.0% (2.0 MB)
2026-10-03 17:52:30 [INFO]   0.0% (2.0 MB)
2026-10-03 17:52:31 [INFO]   0.0% (3.0 MB)
2026-10-03 17:52:31 [INFO]   0.0% (3.0 MB)
2026-10-03 17:52:31 [INFO]   0.0% (3.0 MB)
2026-10-03 17:52:31 [INFO]   0.0% (3.0 MB)
2026-10-03 17:52:31 [INFO]   0.0% (3.0 MB)
2026-10-03 17:52:31 [INFO]   0.0% (3.0 MB)
2026-10-03 17:52:31 [INFO]   0.0% (3.0 MB)
2026-10-03 17:52:31 [INFO]   0.0% (3.0 MB)
2026-10-03 17:52:31 [INFO]   0.0% (3.0 MB)
2026-10-03 17:52:31 [INFO]   0.0% (3.0 MB)
2026-10-03 17:52:31 [INFO]   0.0% (3.0 MB)
2026-10-03 17:52:31 [INFO]   0.0% (3.0 MB)
2026-10-03 17:52:31 [INFO]   ✓ f20.jpg — 3.06 MB en 5.5s
2026-10-03 17:52:31 [INFO]   ⏸  Pausa 16.3s...
2026-10-03 17:52:47 [INFO] [3/122] f21
2026-10-03 17:52:51 [INFO]   0.0% (0.0 MB)
2026-10-03 17:52:51 [INFO]   0.0% (0.0 MB)
2026-10-03 17:52:51 [INFO]   0.0% (0.0 MB)
2026-10-03 17:52:51 [INFO]   0.0% (0.0 MB)
2026-10-03 17:52:51 [INFO]   0.0% (0.0 MB)
2026-10-03 17:52:51 [INFO]   0.0% (0.0 MB)
2026-10-03 17:52:51 [INFO]   0.0% (0.0 MB)
2026-10-03 17:52:51 [INFO]   0.0% (0.0 MB)
2026-10-03 17:52:51 [INFO]   0.0% (0.0 MB)
2026-10-03 17:52:51 [INFO]   0.0% (0.0 MB)
2026-10-03 17:52:51 [INFO]   0.0% (0.0 MB)
2026-10-03 17:52:54 [INFO]   0.0% (1.0 MB)
2026-10-03 17:52:54 [INFO]   0.0% (1.0 MB)
2026-10-03 17:52:54 [INFO]   0.0% (1.0 MB)
2026-10-03 17:52:54 [INFO]   0.0% (1.0 MB)
2026-10-03 17:52:54 [INFO]   0.0% (1.0 MB)
2026-10-03 17:52:54 [INFO]   0.0% (1.0 MB)
2026-10-03 17:52:54 [INFO]   0.0% (1.0 MB)
2026-10-03 17:52:54 [INFO]   0.0% (1.0 MB)
2026-10-03 17:52:54 [INFO]   0.0% (1.0 MB)
2026-10-03 17:52:54 [INFO]   0.0% (1.0 MB)
2026-10-03 17:52:54 [INFO]   0.0% (1.0 MB)
2026-10-03 17:52:54 [INFO]   0.0% (1.0 MB)
2026-10-03 17:52:55 [INFO]   0.0% (2.0 MB)
2026-10-03 17:52:55 [INFO]   0.0% (2.0 MB)
2026-10-03 17:52:55 [INFO]   0.0% (2.0 MB)
2026-10-03 17:52:55 [INFO]   0.0% (2.0 MB)
2026-10-03 17:52:55 [INFO]   0.0% (2.0 MB)
2026-10-03 17:52:55 [INFO]   0.0% (2.0 MB)
2026-10-03 17:52:55 [INFO]   0.0% (2.0 MB)
2026-10-03 17:52:55 [INFO]   0.0% (2.0 MB)
2026-10-03 17:52:55 [INFO]   0.0% (2.0 MB)
2026-10-03 17:52:55 [INFO]   0.0% (2.0 MB)
2026-10-03 17:52:55 [INFO]   0.0% (2.0 MB)
2026-10-03 17:52:55 [INFO]   0.0% (2.0 MB)
2026-10-03 17:52:57 [INFO]   0.0% (3.0 MB)
2026-10-03 17:52:57 [INFO]   0.0% (3.0 MB)
2026-10-03 17:52:57 [INFO]   0.0% (3.0 MB)
2026-10-03 17:52:57 [INFO]   0.0% (3.0 MB)
2026-10-03 17:52:57 [INFO]   0.0% (3.0 MB)
2026-10-03 17:52:57 [INFO]   0.0% (3.0 MB)
2026-10-03 17:52:57 [INFO]   0.0% (3.0 MB)
2026-10-03 17:52:57 [INFO]   0.0% (3.0 MB)
2026-10-03 17:52:57 [INFO]   0.0% (3.0 MB)
2026-10-03 17:52:57 [INFO]   0.0% (3.0 MB)
2026-10-03 17:52:57 [INFO]   0.0% (3.0 MB)
2026-10-03 17:52:57 [INFO]   0.0% (3.0 MB)
2026-10-03 17:52:58 [INFO]   ✓ f21.jpg — 3.73 MB en 7.1s
2026-10-03 17:52:58 [INFO]   ⏸  Pausa 9.4s...
2026-10-03 17:53:07 [INFO] [4/122] f22
2026-10-03 17:53:11 [INFO]   0.0% (0.0 MB)
2026-10-03 17:53:11 [INFO]   0.0% (0.0 MB)
2026-10-03 17:53:11 [INFO]   0.0% (0.0 MB)
2026-10-03 17:53:11 [INFO]   0.0% (0.0 MB)
2026-10-03 17:53:11 [INFO]   0.0% (0.0 MB)
2026-10-03 17:53:11 [INFO]   0.0% (0.0 MB)
2026-10-03 17:53:11 [INFO]   0.0% (0.0 MB)
2026-10-03 17:53:11 [INFO]   0.0% (0.0 MB)
2026-10-03 17:53:11 [INFO]   0.0% (0.0 MB)
2026-10-03 17:53:11 [INFO]   0.0% (0.0 MB)
2026-10-03 17:53:11 [INFO]   0.0% (0.0 MB)
2026-10-03 17:53:13 [INFO]   0.0% (1.0 MB)
2026-10-03 17:53:13 [INFO]   0.0% (1.0 MB)
2026-10-03 17:53:13 [INFO]   0.0% (1.0 MB)
2026-10-03 17:53:13 [INFO]   0.0% (1.0 MB)
2026-10-03 17:53:13 [INFO]   0.0% (1.0 MB)
2026-10-03 17:53:13 [INFO]   0.0% (1.0 MB)
2026-10-03 17:53:13 [INFO]   0.0% (1.0 MB)
2026-10-03 17:53:13 [INFO]   0.0% (1.0 MB)
2026-10-03 17:53:13 [INFO]   0.0% (1.0 MB)
2026-10-03 17:53:13 [INFO]   0.0% (1.0 MB)
2026-10-03 17:53:13 [INFO]   0.0% (1.0 MB)
2026-10-03 17:53:13 [INFO]   0.0% (1.0 MB)
2026-10-03 17:53:15 [INFO]   0.0% (2.0 MB)
2026-10-03 17:53:15 [INFO]   0.0% (2.0 MB)
2026-10-03 17:53:15 [INFO]   0.0% (2.0 MB)
2026-10-03 17:53:15 [INFO]   0.0% (2.0 MB)
2026-10-03 17:53:15 [INFO]   0.0% (2.0 MB)
2026-10-03 17:53:15 [INFO]   0.0% (2.0 MB)
2026-10-03 17:53:15 [INFO]   0.0% (2.0 MB)
2026-10-03 17:53:15 [INFO]   0.0% (2.0 MB)
2026-10-03 17:53:15 [INFO]   0.0% (2.0 MB)
2026-10-03 17:53:15 [INFO]   0.0% (2.0 MB)
2026-10-03 17:53:15 [INFO]   0.0% (2.0 MB)
2026-10-03 17:53:15 [INFO]   0.0% (2.0 MB)
2026-10-03 17:53:16 [INFO]   0.0% (3.0 MB)
2026-10-03 17:53:16 [INFO]   0.0% (3.0 MB)
2026-10-03 17:53:16 [INFO]   0.0% (3.0 MB)
2026-10-03 17:53:16 [INFO]   0.0% (3.0 MB)
2026-10-03 17:53:16 [INFO]   0.0% (3.0 MB)
2026-10-03 17:53:16 [INFO]   0.0% (3.0 MB)
2026-10-03 17:53:16 [INFO]   0.0% (3.0 MB)
2026-10-03 17:53:16 [INFO]   0.0% (3.0 MB)
2026-10-03 17:53:16 [INFO]   0.0% (3.0 MB)
2026-10-03 17:53:16 [INFO]   0.0% (3.0 MB)
2026-10-03 17:53:16 [INFO]   0.0% (3.0 MB)
2026-10-03 17:53:16 [INFO]   0.0% (3.0 MB)
2026-10-03 17:53:16 [INFO]   ✓ f22.jpg — 3.13 MB en 5.8s
2026-10-03 17:53:16 [INFO]   ⏸  Pausa 12.9s...
2026-10-03 17:53:29 [INFO] [5/122] f23
2026-10-03 17:53:33 [INFO]   0.0% (0.0 MB)
2026-10-03 17:53:33 [INFO]   0.0% (0.0 MB)
2026-10-03 17:53:33 [INFO]   0.0% (0.0 MB)
2026-10-03 17:53:33 [INFO]   0.0% (0.0 MB)
2026-10-03 17:53:33 [INFO]   0.0% (0.0 MB)
2026-10-03 17:53:33 [INFO]   0.0% (0.0 MB)
2026-10-03 17:53:33 [INFO]   0.0% (0.0 MB)
2026-10-03 17:53:33 [INFO]   0.0% (0.0 MB)
2026-10-03 17:53:33 [INFO]   0.0% (0.0 MB)
2026-10-03 17:53:33 [INFO]   0.0% (0.0 MB)
2026-10-03 17:53:33 [INFO]   0.0% (0.0 MB)
2026-10-03 17:53:36 [INFO]   0.0% (1.0 MB)
2026-10-03 17:53:36 [INFO]   0.0% (1.0 MB)
2026-10-03 17:53:36 [INFO]   0.0% (1.0 MB)
2026-10-03 17:53:36 [INFO]   0.0% (1.0 MB)
2026-10-03 17:53:36 [INFO]   0.0% (1.0 MB)
2026-10-03 17:53:36 [INFO]   0.0% (1.0 MB)
2026-10-03 17:53:36 [INFO]   0.0% (1.0 MB)
2026-10-03 17:53:36 [INFO]   0.0% (1.0 MB)
2026-10-03 17:53:36 [INFO]   0.0% (1.0 MB)
2026-10-03 17:53:36 [INFO]   0.0% (1.0 MB)
2026-10-03 17:53:36 [INFO]   0.0% (1.0 MB)
2026-10-03 17:53:36 [INFO]   0.0% (1.0 MB)
2026-10-03 17:53:38 [INFO]   0.0% (2.0 MB)
2026-10-03 17:53:38 [INFO]   0.0% (2.0 MB)
2026-10-03 17:53:38 [INFO]   0.0% (2.0 MB)
2026-10-03 17:53:38 [INFO]   0.0% (2.0 MB)
2026-10-03 17:53:38 [INFO]   0.0% (2.0 MB)
2026-10-03 17:53:38 [INFO]   0.0% (2.0 MB)
2026-10-03 17:53:38 [INFO]   0.0% (2.0 MB)
2026-10-03 17:53:38 [INFO]   0.0% (2.0 MB)
2026-10-03 17:53:38 [INFO]   0.0% (2.0 MB)
2026-10-03 17:53:38 [INFO]   0.0% (2.0 MB)
2026-10-03 17:53:38 [INFO]   0.0% (2.0 MB)
2026-10-03 17:53:38 [INFO]   0.0% (2.0 MB)
2026-10-03 17:53:39 [INFO]   0.0% (3.0 MB)
2026-10-03 17:53:39 [INFO]   0.0% (3.0 MB)
2026-10-03 17:53:39 [INFO]   0.0% (3.0 MB)
2026-10-03 17:53:39 [INFO]   0.0% (3.0 MB)
2026-10-03 17:53:39 [INFO]   0.0% (3.0 MB)
2026-10-03 17:53:39 [INFO]   0.0% (3.0 MB)
2026-10-03 17:53:39 [INFO]   0.0% (3.0 MB)
2026-10-03 17:53:39 [INFO]   0.0% (3.0 MB)
2026-10-03 17:53:39 [INFO]   0.0% (3.0 MB)
2026-10-03 17:53:39 [INFO]   0.0% (3.0 MB)
2026-10-03 17:53:39 [INFO]   0.0% (3.0 MB)
2026-10-03 17:53:39 [INFO]   0.0% (3.0 MB)
2026-10-03 17:53:39 [INFO]   ✓ f23.jpg — 3.22 MB en 6.4s
2026-10-03 17:53:39 [INFO]   ⏸  Pausa 16.1s...
2026-10-03 17:53:55 [INFO] [6/122] f24
2026-10-03 17:53:58 [INFO]   0.0% (0.0 MB)
2026-10-03 17:53:59 [INFO]   0.0% (0.0 MB)
2026-10-03 17:53:59 [INFO]   0.0% (0.0 MB)
2026-10-03 17:53:59 [INFO]   0.0% (0.0 MB)
2026-10-03 17:53:59 [INFO]   0.0% (0.0 MB)
2026-10-03 17:53:59 [INFO]   0.0% (0.0 MB)
2026-10-03 17:53:59 [INFO]   0.0% (0.0 MB)
2026-10-03 17:53:59 [INFO]   0.0% (0.0 MB)
2026-10-03 17:53:59 [INFO]   0.0% (0.0 MB)
2026-10-03 17:53:59 [INFO]   0.0% (0.0 MB)
2026-10-03 17:53:59 [INFO]   0.0% (0.0 MB)
2026-10-03 17:54:01 [INFO]   0.0% (1.0 MB)
2026-10-03 17:54:01 [INFO]   0.0% (1.0 MB)
2026-10-03 17:54:01 [INFO]   0.0% (1.0 MB)
2026-10-03 17:54:01 [INFO]   0.0% (1.0 MB)
2026-10-03 17:54:01 [INFO]   0.0% (1.0 MB)
2026-10-03 17:54:01 [INFO]   0.0% (1.0 MB)
2026-10-03 17:54:01 [INFO]   0.0% (1.0 MB)
2026-10-03 17:54:01 [INFO]   0.0% (1.0 MB)
2026-10-03 17:54:01 [INFO]   0.0% (1.0 MB)
2026-10-03 17:54:01 [INFO]   0.0% (1.0 MB)
2026-10-03 17:54:01 [INFO]   0.0% (1.0 MB)
2026-10-03 17:54:01 [INFO]   0.0% (1.0 MB)
2026-10-03 17:54:03 [INFO]   0.0% (2.0 MB)
2026-10-03 17:54:03 [INFO]   0.0% (2.0 MB)
2026-10-03 17:54:03 [INFO]   0.0% (2.0 MB)
2026-10-03 17:54:03 [INFO]   0.0% (2.0 MB)
2026-10-03 17:54:03 [INFO]   0.0% (2.0 MB)
2026-10-03 17:54:03 [INFO]   0.0% (2.0 MB)
2026-10-03 17:54:03 [INFO]   0.0% (2.0 MB)
2026-10-03 17:54:03 [INFO]   0.0% (2.0 MB)
2026-10-03 17:54:03 [INFO]   0.0% (2.0 MB)
2026-10-03 17:54:03 [INFO]   0.0% (2.0 MB)
2026-10-03 17:54:03 [INFO]   0.0% (2.0 MB)
2026-10-03 17:54:03 [INFO]   0.0% (2.0 MB)
2026-10-03 17:54:04 [INFO]   0.0% (3.0 MB)
2026-10-03 17:54:04 [INFO]   0.0% (3.0 MB)
2026-10-03 17:54:04 [INFO]   0.0% (3.0 MB)
2026-10-03 17:54:04 [INFO]   0.0% (3.0 MB)
2026-10-03 17:54:04 [INFO]   0.0% (3.0 MB)
2026-10-03 17:54:04 [INFO]   0.0% (3.0 MB)
2026-10-03 17:54:04 [INFO]   0.0% (3.0 MB)
2026-10-03 17:54:04 [INFO]   0.0% (3.0 MB)
2026-10-03 17:54:04 [INFO]   0.0% (3.0 MB)
2026-10-03 17:54:04 [INFO]   0.0% (3.0 MB)
2026-10-03 17:54:04 [INFO]   0.0% (3.0 MB)
2026-10-03 17:54:04 [INFO]   0.0% (3.0 MB)
2026-10-03 17:54:04 [INFO]   ✓ f24.jpg — 3.04 MB en 5.8s
2026-10-03 17:54:04 [INFO]   ⏸  Pausa 11.6s...
2026-10-03 17:54:16 [INFO] [7/122] f25
2026-10-03 17:54:19 [INFO]   0.0% (0.0 MB)
2026-10-03 17:54:19 [INFO]   0.0% (0.0 MB)
2026-10-03 17:54:19 [INFO]   0.0% (0.0 MB)
2026-10-03 17:54:19 [INFO]   0.0% (0.0 MB)
2026-10-03 17:54:19 [INFO]   0.0% (0.0 MB)
2026-10-03 17:54:19 [INFO]   0.0% (0.0 MB)
2026-10-03 17:54:19 [INFO]   0.0% (0.0 MB)
2026-10-03 17:54:19 [INFO]   0.0% (0.0 MB)
2026-10-03 17:54:19 [INFO]   0.0% (0.0 MB)
2026-10-03 17:54:19 [INFO]   0.0% (0.0 MB)
2026-10-03 17:54:19 [INFO]   0.0% (0.0 MB)
2026-10-03 17:54:21 [INFO]   0.0% (1.0 MB)
2026-10-03 17:54:21 [INFO]   0.0% (1.0 MB)
2026-10-03 17:54:21 [INFO]   0.0% (1.0 MB)
2026-10-03 17:54:21 [INFO]   0.0% (1.0 MB)
2026-10-03 17:54:21 [INFO]   0.0% (1.0 MB)
2026-10-03 17:54:21 [INFO]   0.0% (1.0 MB)
2026-10-03 17:54:21 [INFO]   0.0% (1.0 MB)
2026-10-03 17:54:21 [INFO]   0.0% (1.0 MB)
2026-10-03 17:54:21 [INFO]   0.0% (1.0 MB)
2026-10-03 17:54:21 [INFO]   0.0% (1.0 MB)
2026-10-03 17:54:21 [INFO]   0.0% (1.0 MB)
2026-10-03 17:54:21 [INFO]   0.0% (1.0 MB)
2026-10-03 17:54:22 [INFO]   0.0% (2.0 MB)
2026-10-03 17:54:22 [INFO]   0.0% (2.0 MB)
2026-10-03 17:54:22 [INFO]   0.0% (2.0 MB)
2026-10-03 17:54:22 [INFO]   0.0% (2.0 MB)
2026-10-03 17:54:22 [INFO]   0.0% (2.0 MB)
2026-10-03 17:54:22 [INFO]   0.0% (2.0 MB)
2026-10-03 17:54:22 [INFO]   0.0% (2.0 MB)
2026-10-03 17:54:22 [INFO]   0.0% (2.0 MB)
2026-10-03 17:54:22 [INFO]   0.0% (2.0 MB)
2026-10-03 17:54:22 [INFO]   0.0% (2.0 MB)
2026-10-03 17:54:22 [INFO]   0.0% (2.0 MB)
2026-10-03 17:54:22 [INFO]   0.0% (2.0 MB)
2026-10-03 17:54:24 [INFO]   ✓ f25.jpg — 2.97 MB en 5.4s
2026-10-03 17:54:24 [INFO]   ⏸  Pausa 16.7s...
2026-10-03 17:54:41 [INFO] [8/122] f26
2026-10-03 17:54:43 [INFO]   0.0% (0.0 MB)
2026-10-03 17:54:43 [INFO]   0.0% (0.0 MB)
2026-10-03 17:54:43 [INFO]   0.0% (0.0 MB)
2026-10-03 17:54:43 [INFO]   0.0% (0.0 MB)
2026-10-03 17:54:43 [INFO]   0.0% (0.0 MB)
2026-10-03 17:54:43 [INFO]   0.0% (0.0 MB)
2026-10-03 17:54:43 [INFO]   0.0% (0.0 MB)
2026-10-03 17:54:44 [INFO]   0.0% (0.0 MB)
2026-10-03 17:54:44 [INFO]   0.0% (0.0 MB)
2026-10-03 17:54:44 [INFO]   0.0% (0.0 MB)
2026-10-03 17:54:44 [INFO]   0.0% (0.0 MB)
2026-10-03 17:54:47 [INFO]   0.0% (1.0 MB)
2026-10-03 17:54:47 [INFO]   0.0% (1.0 MB)
2026-10-03 17:54:47 [INFO]   0.0% (1.0 MB)
2026-10-03 17:54:47 [INFO]   0.0% (1.0 MB)
2026-10-03 17:54:47 [INFO]   0.0% (1.0 MB)
2026-10-03 17:54:47 [INFO]   0.0% (1.0 MB)
2026-10-03 17:54:47 [INFO]   0.0% (1.0 MB)
2026-10-03 17:54:47 [INFO]   0.0% (1.0 MB)
2026-10-03 17:54:47 [INFO]   0.0% (1.0 MB)
2026-10-03 17:54:47 [INFO]   0.0% (1.0 MB)
2026-10-03 17:54:47 [INFO]   0.0% (1.0 MB)
2026-10-03 17:54:47 [INFO]   0.0% (1.0 MB)
2026-10-03 17:54:48 [INFO]   0.0% (2.0 MB)
2026-10-03 17:54:48 [INFO]   0.0% (2.0 MB)
2026-10-03 17:54:48 [INFO]   0.0% (2.0 MB)
2026-10-03 17:54:48 [INFO]   0.0% (2.0 MB)
2026-10-03 17:54:48 [INFO]   0.0% (2.0 MB)
2026-10-03 17:54:48 [INFO]   0.0% (2.0 MB)
2026-10-03 17:54:48 [INFO]   0.0% (2.0 MB)
2026-10-03 17:54:48 [INFO]   0.0% (2.0 MB)
2026-10-03 17:54:48 [INFO]   0.0% (2.0 MB)
2026-10-03 17:54:48 [INFO]   0.0% (2.0 MB)
2026-10-03 17:54:48 [INFO]   0.0% (2.0 MB)
2026-10-03 17:54:48 [INFO]   0.0% (2.0 MB)
2026-10-03 17:54:49 [INFO]   ✓ f26.jpg — 2.71 MB en 5.6s
2026-10-03 17:54:49 [INFO]   ⏸  Pausa 19.7s...
2026-10-03 17:55:09 [INFO] [9/122] f27
2026-10-03 17:55:12 [INFO]   0.0% (0.0 MB)
2026-10-03 17:55:12 [INFO]   0.0% (0.0 MB)
2026-10-03 17:55:12 [INFO]   0.0% (0.0 MB)
2026-10-03 17:55:12 [INFO]   0.0% (0.0 MB)
2026-10-03 17:55:12 [INFO]   0.0% (0.0 MB)
2026-10-03 17:55:12 [INFO]   0.0% (0.0 MB)
2026-10-03 17:55:12 [INFO]   0.0% (0.0 MB)
2026-10-03 17:55:12 [INFO]   0.0% (0.0 MB)
2026-10-03 17:55:12 [INFO]   0.0% (0.0 MB)
2026-10-03 17:55:12 [INFO]   0.0% (0.0 MB)
2026-10-03 17:55:12 [INFO]   0.0% (0.0 MB)
2026-10-03 17:55:14 [INFO]   0.0% (1.0 MB)
2026-10-03 17:55:14 [INFO]   0.0% (1.0 MB)
2026-10-03 17:55:14 [INFO]   0.0% (1.0 MB)
2026-10-03 17:55:14 [INFO]   0.0% (1.0 MB)
2026-10-03 17:55:14 [INFO]   0.0% (1.0 MB)
2026-10-03 17:55:14 [INFO]   0.0% (1.0 MB)
2026-10-03 17:55:14 [INFO]   0.0% (1.0 MB)
2026-10-03 17:55:14 [INFO]   0.0% (1.0 MB)
2026-10-03 17:55:14 [INFO]   0.0% (1.0 MB)
2026-10-03 17:55:14 [INFO]   0.0% (1.0 MB)
2026-10-03 17:55:14 [INFO]   0.0% (1.0 MB)
2026-10-03 17:55:14 [INFO]   0.0% (1.0 MB)
2026-10-03 17:55:16 [INFO]   0.0% (2.0 MB)
2026-10-03 17:55:16 [INFO]   0.0% (2.0 MB)
2026-10-03 17:55:16 [INFO]   0.0% (2.0 MB)
2026-10-03 17:55:16 [INFO]   0.0% (2.0 MB)
2026-10-03 17:55:16 [INFO]   0.0% (2.0 MB)
2026-10-03 17:55:16 [INFO]   0.0% (2.0 MB)
2026-10-03 17:55:16 [INFO]   0.0% (2.0 MB)
2026-10-03 17:55:16 [INFO]   0.0% (2.0 MB)
2026-10-03 17:55:16 [INFO]   0.0% (2.0 MB)
2026-10-03 17:55:16 [INFO]   0.0% (2.0 MB)
2026-10-03 17:55:16 [INFO]   0.0% (2.0 MB)
2026-10-03 17:55:16 [INFO]   0.0% (2.0 MB)
2026-10-03 17:55:17 [INFO]   ✓ f27.jpg — 2.81 MB en 5.5s
2026-10-03 17:55:17 [INFO]   ⏸  Pausa 8.3s...
2026-10-03 17:55:25 [INFO] [10/122] f28
2026-10-03 17:55:28 [INFO]   0.0% (0.0 MB)
2026-10-03 17:55:29 [INFO]   0.0% (0.0 MB)
2026-10-03 17:55:29 [INFO]   0.0% (0.0 MB)
2026-10-03 17:55:29 [INFO]   0.0% (0.0 MB)
2026-10-03 17:55:29 [INFO]   0.0% (0.0 MB)
2026-10-03 17:55:29 [INFO]   0.0% (0.0 MB)
2026-10-03 17:55:29 [INFO]   0.0% (0.0 MB)
2026-10-03 17:55:29 [INFO]   0.0% (0.0 MB)
2026-10-03 17:55:29 [INFO]   0.0% (0.0 MB)
2026-10-03 17:55:29 [INFO]   0.0% (0.0 MB)
2026-10-03 17:55:29 [INFO]   0.0% (0.0 MB)
2026-10-03 17:55:31 [INFO]   0.0% (1.0 MB)
2026-10-03 17:55:31 [INFO]   0.0% (1.0 MB)
2026-10-03 17:55:31 [INFO]   0.0% (1.0 MB)
2026-10-03 17:55:31 [INFO]   0.0% (1.0 MB)
2026-10-03 17:55:31 [INFO]   0.0% (1.0 MB)
2026-10-03 17:55:31 [INFO]   0.0% (1.0 MB)
2026-10-03 17:55:31 [INFO]   0.0% (1.0 MB)
2026-10-03 17:55:31 [INFO]   0.0% (1.0 MB)
2026-10-03 17:55:31 [INFO]   0.0% (1.0 MB)
2026-10-03 17:55:31 [INFO]   0.0% (1.0 MB)
2026-10-03 17:55:31 [INFO]   0.0% (1.0 MB)
2026-10-03 17:55:31 [INFO]   0.0% (1.0 MB)
2026-10-03 17:55:33 [INFO]   0.0% (2.0 MB)
2026-10-03 17:55:33 [INFO]   0.0% (2.0 MB)
2026-10-03 17:55:33 [INFO]   0.0% (2.0 MB)
2026-10-03 17:55:33 [INFO]   0.0% (2.0 MB)
2026-10-03 17:55:33 [INFO]   0.0% (2.0 MB)
2026-10-03 17:55:33 [INFO]   0.0% (2.0 MB)
2026-10-03 17:55:33 [INFO]   0.0% (2.0 MB)
2026-10-03 17:55:33 [INFO]   0.0% (2.0 MB)
2026-10-03 17:55:33 [INFO]   0.0% (2.0 MB)
2026-10-03 17:55:33 [INFO]   0.0% (2.0 MB)
2026-10-03 17:55:33 [INFO]   0.0% (2.0 MB)
2026-10-03 17:55:33 [INFO]   0.0% (2.0 MB)
2026-10-03 17:55:34 [INFO]   ✓ f28.jpg — 2.82 MB en 5.4s
2026-10-03 17:55:34 [INFO]   ⏸  Pausa 13.3s...
2026-10-03 17:55:47 [INFO] [11/122] f29
2026-10-03 17:55:50 [INFO]   0.0% (0.0 MB)
2026-10-03 17:55:50 [INFO]   0.0% (0.0 MB)
2026-10-03 17:55:50 [INFO]   0.0% (0.0 MB)
2026-10-03 17:55:50 [INFO]   0.0% (0.0 MB)
2026-10-03 17:55:50 [INFO]   0.0% (0.0 MB)
2026-10-03 17:55:50 [INFO]   0.0% (0.0 MB)
2026-10-03 17:55:50 [INFO]   0.0% (0.0 MB)
2026-10-03 17:55:50 [INFO]   0.0% (0.0 MB)
2026-10-03 17:55:50 [INFO]   0.0% (0.0 MB)
2026-10-03 17:55:50 [INFO]   0.0% (0.0 MB)
2026-10-03 17:55:50 [INFO]   0.0% (0.0 MB)
2026-10-03 17:55:53 [INFO]   0.0% (1.0 MB)
2026-10-03 17:55:53 [INFO]   0.0% (1.0 MB)
2026-10-03 17:55:53 [INFO]   0.0% (1.0 MB)
2026-10-03 17:55:53 [INFO]   0.0% (1.0 MB)
2026-10-03 17:55:53 [INFO]   0.0% (1.0 MB)
2026-10-03 17:55:53 [INFO]   0.0% (1.0 MB)
2026-10-03 17:55:53 [INFO]   0.0% (1.0 MB)
2026-10-03 17:55:53 [INFO]   0.0% (1.0 MB)
2026-10-03 17:55:53 [INFO]   0.0% (1.0 MB)
2026-10-03 17:55:53 [INFO]   0.0% (1.0 MB)
2026-10-03 17:55:53 [INFO]   0.0% (1.0 MB)
2026-10-03 17:55:53 [INFO]   0.0% (1.0 MB)
2026-10-03 17:55:55 [INFO]   0.0% (2.0 MB)
2026-10-03 17:55:55 [INFO]   0.0% (2.0 MB)
2026-10-03 17:55:55 [INFO]   0.0% (2.0 MB)
2026-10-03 17:55:55 [INFO]   0.0% (2.0 MB)
2026-10-03 17:55:55 [INFO]   0.0% (2.0 MB)
2026-10-03 17:55:55 [INFO]   0.0% (2.0 MB)
2026-10-03 17:55:55 [INFO]   0.0% (2.0 MB)
2026-10-03 17:55:55 [INFO]   0.0% (2.0 MB)
2026-10-03 17:55:55 [INFO]   0.0% (2.0 MB)
2026-10-03 17:55:55 [INFO]   0.0% (2.0 MB)
2026-10-03 17:55:55 [INFO]   0.0% (2.0 MB)
2026-10-03 17:55:55 [INFO]   0.0% (2.0 MB)
2026-10-03 17:55:57 [INFO]   0.0% (3.0 MB)
2026-10-03 17:55:57 [INFO]   0.0% (3.0 MB)
2026-10-03 17:55:57 [INFO]   0.0% (3.0 MB)
2026-10-03 17:55:57 [INFO]   0.0% (3.0 MB)
2026-10-03 17:55:57 [INFO]   0.0% (3.0 MB)
2026-10-03 17:55:57 [INFO]   0.0% (3.0 MB)
2026-10-03 17:55:57 [INFO]   0.0% (3.0 MB)
2026-10-03 17:55:57 [INFO]   0.0% (3.0 MB)
2026-10-03 17:55:57 [INFO]   0.0% (3.0 MB)
2026-10-03 17:55:57 [INFO]   0.0% (3.0 MB)
2026-10-03 17:55:57 [INFO]   0.0% (3.0 MB)
2026-10-03 17:55:57 [INFO]   0.0% (3.0 MB)
2026-10-03 17:55:57 [INFO]   ✓ f29.jpg — 3.54 MB en 7.5s
2026-10-03 17:55:57 [INFO]   ⏸  Pausa 9.4s...
2026-10-03 17:56:07 [INFO] [12/122] f30
2026-10-03 17:56:10 [INFO]   0.0% (0.0 MB)
2026-10-03 17:56:10 [INFO]   0.0% (0.0 MB)
2026-10-03 17:56:10 [INFO]   0.0% (0.0 MB)
2026-10-03 17:56:10 [INFO]   0.0% (0.0 MB)
2026-10-03 17:56:10 [INFO]   0.0% (0.0 MB)
2026-10-03 17:56:10 [INFO]   0.0% (0.0 MB)
2026-10-03 17:56:10 [INFO]   0.0% (0.0 MB)
2026-10-03 17:56:10 [INFO]   0.0% (0.0 MB)
2026-10-03 17:56:10 [INFO]   0.0% (0.0 MB)
2026-10-03 17:56:10 [INFO]   0.0% (0.0 MB)
2026-10-03 17:56:10 [INFO]   0.0% (0.0 MB)
2026-10-03 17:56:13 [INFO]   0.0% (1.0 MB)
2026-10-03 17:56:13 [INFO]   0.0% (1.0 MB)
2026-10-03 17:56:13 [INFO]   0.0% (1.0 MB)
2026-10-03 17:56:13 [INFO]   0.0% (1.0 MB)
2026-10-03 17:56:13 [INFO]   0.0% (1.0 MB)
2026-10-03 17:56:13 [INFO]   0.0% (1.0 MB)
2026-10-03 17:56:13 [INFO]   0.0% (1.0 MB)
2026-10-03 17:56:13 [INFO]   0.0% (1.0 MB)
2026-10-03 17:56:13 [INFO]   0.0% (1.0 MB)
2026-10-03 17:56:13 [INFO]   0.0% (1.0 MB)
2026-10-03 17:56:13 [INFO]   0.0% (1.0 MB)
2026-10-03 17:56:13 [INFO]   0.0% (1.0 MB)
2026-10-03 17:56:14 [INFO]   0.0% (2.0 MB)
2026-10-03 17:56:14 [INFO]   0.0% (2.0 MB)
2026-10-03 17:56:14 [INFO]   0.0% (2.0 MB)
2026-10-03 17:56:14 [INFO]   0.0% (2.0 MB)
2026-10-03 17:56:14 [INFO]   0.0% (2.0 MB)
2026-10-03 17:56:14 [INFO]   0.0% (2.0 MB)
2026-10-03 17:56:14 [INFO]   0.0% (2.0 MB)
2026-10-03 17:56:14 [INFO]   0.0% (2.0 MB)
2026-10-03 17:56:14 [INFO]   0.0% (2.0 MB)
2026-10-03 17:56:14 [INFO]   0.0% (2.0 MB)
2026-10-03 17:56:14 [INFO]   0.0% (2.0 MB)
2026-10-03 17:56:14 [INFO]   0.0% (2.0 MB)
2026-10-03 17:56:15 [INFO]   ✓ f30.jpg — 2.74 MB en 5.8s
2026-10-03 17:56:15 [INFO]   ⏸  Pausa 13.9s...
2026-10-03 17:56:29 [INFO] [13/122] f31
2026-10-03 17:56:32 [INFO]   0.0% (0.0 MB)
2026-10-03 17:56:32 [INFO]   0.0% (0.0 MB)
2026-10-03 17:56:32 [INFO]   0.0% (0.0 MB)
2026-10-03 17:56:32 [INFO]   0.0% (0.0 MB)
2026-10-03 17:56:32 [INFO]   0.0% (0.0 MB)
2026-10-03 17:56:32 [INFO]   0.0% (0.0 MB)
2026-10-03 17:56:32 [INFO]   0.0% (0.0 MB)
2026-10-03 17:56:32 [INFO]   0.0% (0.0 MB)
2026-10-03 17:56:32 [INFO]   0.0% (0.0 MB)
2026-10-03 17:56:32 [INFO]   0.0% (0.0 MB)
2026-10-03 17:56:33 [INFO]   0.0% (0.0 MB)
2026-10-03 17:56:35 [INFO]   0.0% (1.0 MB)
2026-10-03 17:56:35 [INFO]   0.0% (1.0 MB)
2026-10-03 17:56:35 [INFO]   0.0% (1.0 MB)
2026-10-03 17:56:35 [INFO]   0.0% (1.0 MB)
2026-10-03 17:56:35 [INFO]   0.0% (1.0 MB)
2026-10-03 17:56:35 [INFO]   0.0% (1.0 MB)
2026-10-03 17:56:35 [INFO]   0.0% (1.0 MB)
2026-10-03 17:56:35 [INFO]   0.0% (1.0 MB)
2026-10-03 17:56:35 [INFO]   0.0% (1.0 MB)
2026-10-03 17:56:35 [INFO]   0.0% (1.0 MB)
2026-10-03 17:56:35 [INFO]   0.0% (1.0 MB)
2026-10-03 17:56:35 [INFO]   0.0% (1.0 MB)
2026-10-03 17:56:36 [INFO]   0.0% (2.0 MB)
2026-10-03 17:56:36 [INFO]   0.0% (2.0 MB)
2026-10-03 17:56:36 [INFO]   0.0% (2.0 MB)
2026-10-03 17:56:36 [INFO]   0.0% (2.0 MB)
2026-10-03 17:56:36 [INFO]   0.0% (2.0 MB)
2026-10-03 17:56:36 [INFO]   0.0% (2.0 MB)
2026-10-03 17:56:36 [INFO]   0.0% (2.0 MB)
2026-10-03 17:56:36 [INFO]   0.0% (2.0 MB)
2026-10-03 17:56:36 [INFO]   0.0% (2.0 MB)
2026-10-03 17:56:36 [INFO]   0.0% (2.0 MB)
2026-10-03 17:56:36 [INFO]   0.0% (2.0 MB)
2026-10-03 17:56:36 [INFO]   0.0% (2.0 MB)
2026-10-03 17:56:37 [INFO]   0.0% (3.0 MB)
2026-10-03 17:56:38 [INFO]   0.0% (3.0 MB)
2026-10-03 17:56:38 [INFO]   0.0% (3.0 MB)
2026-10-03 17:56:38 [INFO]   0.0% (3.0 MB)
2026-10-03 17:56:38 [INFO]   0.0% (3.0 MB)
2026-10-03 17:56:38 [INFO]   0.0% (3.0 MB)
2026-10-03 17:56:38 [INFO]   0.0% (3.0 MB)
2026-10-03 17:56:38 [INFO]   0.0% (3.0 MB)
2026-10-03 17:56:38 [INFO]   0.0% (3.0 MB)
2026-10-03 17:56:38 [INFO]   0.0% (3.0 MB)
2026-10-03 17:56:38 [INFO]   0.0% (3.0 MB)
2026-10-03 17:56:38 [INFO]   0.0% (3.0 MB)
2026-10-03 17:56:38 [INFO]   ✓ f31.jpg — 3.23 MB en 5.5s
2026-10-03 17:56:38 [INFO]   ⏸  Pausa 10.4s...
2026-10-03 17:56:48 [INFO] [14/122] f32
2026-10-03 17:56:51 [INFO]   0.0% (0.0 MB)
2026-10-03 17:56:51 [INFO]   0.0% (0.0 MB)
2026-10-03 17:56:51 [INFO]   0.0% (0.0 MB)
2026-10-03 17:56:51 [INFO]   0.0% (0.0 MB)
2026-10-03 17:56:51 [INFO]   0.0% (0.0 MB)
2026-10-03 17:56:51 [INFO]   0.0% (0.0 MB)
2026-10-03 17:56:51 [INFO]   0.0% (0.0 MB)
2026-10-03 17:56:51 [INFO]   0.0% (0.0 MB)
2026-10-03 17:56:51 [INFO]   0.0% (0.0 MB)
2026-10-03 17:56:51 [INFO]   0.0% (0.0 MB)
2026-10-03 17:56:51 [INFO]   0.0% (0.0 MB)
2026-10-03 17:56:54 [INFO]   0.0% (1.0 MB)
2026-10-03 17:56:54 [INFO]   0.0% (1.0 MB)
2026-10-03 17:56:54 [INFO]   0.0% (1.0 MB)
2026-10-03 17:56:54 [INFO]   0.0% (1.0 MB)
2026-10-03 17:56:54 [INFO]   0.0% (1.0 MB)
2026-10-03 17:56:54 [INFO]   0.0% (1.0 MB)
2026-10-03 17:56:54 [INFO]   0.0% (1.0 MB)
2026-10-03 17:56:54 [INFO]   0.0% (1.0 MB)
2026-10-03 17:56:54 [INFO]   0.0% (1.0 MB)
2026-10-03 17:56:54 [INFO]   0.0% (1.0 MB)
2026-10-03 17:56:54 [INFO]   0.0% (1.0 MB)
2026-10-03 17:56:54 [INFO]   0.0% (1.0 MB)
2026-10-03 17:56:55 [INFO]   0.0% (2.0 MB)
2026-10-03 17:56:55 [INFO]   0.0% (2.0 MB)
2026-10-03 17:56:55 [INFO]   0.0% (2.0 MB)
2026-10-03 17:56:55 [INFO]   0.0% (2.0 MB)
2026-10-03 17:56:55 [INFO]   0.0% (2.0 MB)
2026-10-03 17:56:55 [INFO]   0.0% (2.0 MB)
2026-10-03 17:56:55 [INFO]   0.0% (2.0 MB)
2026-10-03 17:56:55 [INFO]   0.0% (2.0 MB)
2026-10-03 17:56:55 [INFO]   0.0% (2.0 MB)
2026-10-03 17:56:55 [INFO]   0.0% (2.0 MB)
2026-10-03 17:56:55 [INFO]   0.0% (2.0 MB)
2026-10-03 17:56:55 [INFO]   0.0% (2.0 MB)
2026-10-03 17:56:57 [INFO]   0.0% (3.0 MB)
2026-10-03 17:56:57 [INFO]   0.0% (3.0 MB)
2026-10-03 17:56:57 [INFO]   0.0% (3.0 MB)
2026-10-03 17:56:57 [INFO]   0.0% (3.0 MB)
2026-10-03 17:56:57 [INFO]   0.0% (3.0 MB)
2026-10-03 17:56:57 [INFO]   0.0% (3.0 MB)
2026-10-03 17:56:57 [INFO]   0.0% (3.0 MB)
2026-10-03 17:56:57 [INFO]   0.0% (3.0 MB)
2026-10-03 17:56:57 [INFO]   0.0% (3.0 MB)
2026-10-03 17:56:57 [INFO]   0.0% (3.0 MB)
2026-10-03 17:56:57 [INFO]   0.0% (3.0 MB)
2026-10-03 17:56:57 [INFO]   0.0% (3.0 MB)
2026-10-03 17:56:57 [INFO]   ✓ f32.jpg — 3.15 MB en 5.7s
2026-10-03 17:56:57 [INFO]   ⏸  Pausa 8.9s...
2026-10-03 17:57:06 [INFO] [15/122] f33
2026-10-03 17:57:09 [INFO]   0.0% (0.0 MB)
2026-10-03 17:57:09 [INFO]   0.0% (0.0 MB)
2026-10-03 17:57:09 [INFO]   0.0% (0.0 MB)
2026-10-03 17:57:09 [INFO]   0.0% (0.0 MB)
2026-10-03 17:57:09 [INFO]   0.0% (0.0 MB)
2026-10-03 17:57:09 [INFO]   0.0% (0.0 MB)
2026-10-03 17:57:09 [INFO]   0.0% (0.0 MB)
2026-10-03 17:57:09 [INFO]   0.0% (0.0 MB)
2026-10-03 17:57:09 [INFO]   0.0% (0.0 MB)
2026-10-03 17:57:09 [INFO]   0.0% (0.0 MB)
2026-10-03 17:57:09 [INFO]   0.0% (0.0 MB)
2026-10-03 17:57:11 [INFO]   0.0% (1.0 MB)
2026-10-03 17:57:11 [INFO]   0.0% (1.0 MB)
2026-10-03 17:57:11 [INFO]   0.0% (1.0 MB)
2026-10-03 17:57:11 [INFO]   0.0% (1.0 MB)
2026-10-03 17:57:11 [INFO]   0.0% (1.0 MB)
2026-10-03 17:57:11 [INFO]   0.0% (1.0 MB)
2026-10-03 17:57:11 [INFO]   0.0% (1.0 MB)
2026-10-03 17:57:11 [INFO]   0.0% (1.0 MB)
2026-10-03 17:57:11 [INFO]   0.0% (1.0 MB)
2026-10-03 17:57:11 [INFO]   0.0% (1.0 MB)
2026-10-03 17:57:11 [INFO]   0.0% (1.0 MB)
2026-10-03 17:57:11 [INFO]   0.0% (1.0 MB)
2026-10-03 17:57:13 [INFO]   0.0% (2.0 MB)
2026-10-03 17:57:13 [INFO]   0.0% (2.0 MB)
2026-10-03 17:57:13 [INFO]   0.0% (2.0 MB)
2026-10-03 17:57:13 [INFO]   0.0% (2.0 MB)
2026-10-03 17:57:13 [INFO]   0.0% (2.0 MB)
2026-10-03 17:57:13 [INFO]   0.0% (2.0 MB)
2026-10-03 17:57:13 [INFO]   0.0% (2.0 MB)
2026-10-03 17:57:13 [INFO]   0.0% (2.0 MB)
2026-10-03 17:57:13 [INFO]   0.0% (2.0 MB)
2026-10-03 17:57:13 [INFO]   0.0% (2.0 MB)
2026-10-03 17:57:13 [INFO]   0.0% (2.0 MB)
2026-10-03 17:57:13 [INFO]   0.0% (2.0 MB)
2026-10-03 17:57:14 [INFO]   0.0% (3.0 MB)
2026-10-03 17:57:14 [INFO]   0.0% (3.0 MB)
2026-10-03 17:57:14 [INFO]   0.0% (3.0 MB)
2026-10-03 17:57:14 [INFO]   0.0% (3.0 MB)
2026-10-03 17:57:14 [INFO]   0.0% (3.0 MB)
2026-10-03 17:57:14 [INFO]   0.0% (3.0 MB)
2026-10-03 17:57:14 [INFO]   0.0% (3.0 MB)
2026-10-03 17:57:14 [INFO]   0.0% (3.0 MB)
2026-10-03 17:57:14 [INFO]   0.0% (3.0 MB)
2026-10-03 17:57:14 [INFO]   0.0% (3.0 MB)
2026-10-03 17:57:14 [INFO]   0.0% (3.0 MB)
2026-10-03 17:57:14 [INFO]   0.0% (3.0 MB)
2026-10-03 17:57:14 [INFO]   ✓ f33.jpg — 3.21 MB en 5.8s
2026-10-03 17:57:14 [INFO]   ⏸  Pausa 12.5s...
2026-10-03 17:57:27 [INFO] [16/122] f34
2026-10-03 17:57:30 [INFO]   0.0% (0.0 MB)
2026-10-03 17:57:30 [INFO]   0.0% (0.0 MB)
2026-10-03 17:57:30 [INFO]   0.0% (0.0 MB)
2026-10-03 17:57:30 [INFO]   0.0% (0.0 MB)
2026-10-03 17:57:30 [INFO]   0.0% (0.0 MB)
2026-10-03 17:57:30 [INFO]   0.0% (0.0 MB)
2026-10-03 17:57:30 [INFO]   0.0% (0.0 MB)
2026-10-03 17:57:30 [INFO]   0.0% (0.0 MB)
2026-10-03 17:57:30 [INFO]   0.0% (0.0 MB)
2026-10-03 17:57:30 [INFO]   0.0% (0.0 MB)
2026-10-03 17:57:30 [INFO]   0.0% (0.0 MB)
2026-10-03 17:57:32 [INFO]   0.0% (1.0 MB)
2026-10-03 17:57:32 [INFO]   0.0% (1.0 MB)
2026-10-03 17:57:32 [INFO]   0.0% (1.0 MB)
2026-10-03 17:57:32 [INFO]   0.0% (1.0 MB)
2026-10-03 17:57:32 [INFO]   0.0% (1.0 MB)
2026-10-03 17:57:32 [INFO]   0.0% (1.0 MB)
2026-10-03 17:57:32 [INFO]   0.0% (1.0 MB)
2026-10-03 17:57:32 [INFO]   0.0% (1.0 MB)
2026-10-03 17:57:32 [INFO]   0.0% (1.0 MB)
2026-10-03 17:57:32 [INFO]   0.0% (1.0 MB)
2026-10-03 17:57:32 [INFO]   0.0% (1.0 MB)
2026-10-03 17:57:32 [INFO]   0.0% (1.0 MB)
2026-10-03 17:57:34 [INFO]   0.0% (2.0 MB)
2026-10-03 17:57:34 [INFO]   0.0% (2.0 MB)
2026-10-03 17:57:34 [INFO]   0.0% (2.0 MB)
2026-10-03 17:57:34 [INFO]   0.0% (2.0 MB)
2026-10-03 17:57:34 [INFO]   0.0% (2.0 MB)
2026-10-03 17:57:34 [INFO]   0.0% (2.0 MB)
2026-10-03 17:57:34 [INFO]   0.0% (2.0 MB)
2026-10-03 17:57:34 [INFO]   0.0% (2.0 MB)
2026-10-03 17:57:34 [INFO]   0.0% (2.0 MB)
2026-10-03 17:57:34 [INFO]   0.0% (2.0 MB)
2026-10-03 17:57:34 [INFO]   0.0% (2.0 MB)
2026-10-03 17:57:34 [INFO]   0.0% (2.0 MB)
2026-10-03 17:57:35 [INFO]   ✓ f34.jpg — 2.69 MB en 5.0s
2026-10-03 17:57:35 [INFO]   ⏸  Pausa 9.3s...
2026-10-03 17:57:44 [INFO] [17/122] f35
2026-10-03 17:57:47 [INFO]   0.0% (0.0 MB)
2026-10-03 17:57:47 [INFO]   0.0% (0.0 MB)
2026-10-03 17:57:47 [INFO]   0.0% (0.0 MB)
2026-10-03 17:57:47 [INFO]   0.0% (0.0 MB)
2026-10-03 17:57:47 [INFO]   0.0% (0.0 MB)
2026-10-03 17:57:47 [INFO]   0.0% (0.0 MB)
2026-10-03 17:57:47 [INFO]   0.0% (0.0 MB)
2026-10-03 17:57:47 [INFO]   0.0% (0.0 MB)
2026-10-03 17:57:47 [INFO]   0.0% (0.0 MB)
2026-10-03 17:57:47 [INFO]   0.0% (0.0 MB)
2026-10-03 17:57:47 [INFO]   0.0% (0.0 MB)
2026-10-03 17:57:49 [INFO]   0.0% (1.0 MB)
2026-10-03 17:57:49 [INFO]   0.0% (1.0 MB)
2026-10-03 17:57:49 [INFO]   0.0% (1.0 MB)
2026-10-03 17:57:49 [INFO]   0.0% (1.0 MB)
2026-10-03 17:57:49 [INFO]   0.0% (1.0 MB)
2026-10-03 17:57:49 [INFO]   0.0% (1.0 MB)
2026-10-03 17:57:49 [INFO]   0.0% (1.0 MB)
2026-10-03 17:57:49 [INFO]   0.0% (1.0 MB)
2026-10-03 17:57:49 [INFO]   0.0% (1.0 MB)
2026-10-03 17:57:49 [INFO]   0.0% (1.0 MB)
2026-10-03 17:57:49 [INFO]   0.0% (1.0 MB)
2026-10-03 17:57:49 [INFO]   0.0% (1.0 MB)
2026-10-03 17:57:51 [INFO]   0.0% (2.0 MB)
2026-10-03 17:57:51 [INFO]   0.0% (2.0 MB)
2026-10-03 17:57:51 [INFO]   0.0% (2.0 MB)
2026-10-03 17:57:51 [INFO]   0.0% (2.0 MB)
2026-10-03 17:57:51 [INFO]   0.0% (2.0 MB)
2026-10-03 17:57:51 [INFO]   0.0% (2.0 MB)
2026-10-03 17:57:51 [INFO]   0.0% (2.0 MB)
2026-10-03 17:57:51 [INFO]   0.0% (2.0 MB)
2026-10-03 17:57:51 [INFO]   0.0% (2.0 MB)
2026-10-03 17:57:51 [INFO]   0.0% (2.0 MB)
2026-10-03 17:57:51 [INFO]   0.0% (2.0 MB)
2026-10-03 17:57:51 [INFO]   0.0% (2.0 MB)
2026-10-03 17:57:52 [INFO]   ✓ f35.jpg — 2.97 MB en 5.6s
2026-10-03 17:57:52 [INFO]   ⏸  Pausa 10.8s...
2026-10-03 17:58:03 [INFO] [18/122] f36
2026-10-03 17:58:06 [INFO]   0.0% (0.0 MB)
2026-10-03 17:58:06 [INFO]   0.0% (0.0 MB)
2026-10-03 17:58:06 [INFO]   0.0% (0.0 MB)
2026-10-03 17:58:06 [INFO]   0.0% (0.0 MB)
2026-10-03 17:58:06 [INFO]   0.0% (0.0 MB)
2026-10-03 17:58:06 [INFO]   0.0% (0.0 MB)
2026-10-03 17:58:06 [INFO]   0.0% (0.0 MB)
2026-10-03 17:58:07 [INFO]   0.0% (0.0 MB)
2026-10-03 17:58:07 [INFO]   0.0% (0.0 MB)
2026-10-03 17:58:07 [INFO]   0.0% (0.0 MB)
2026-10-03 17:58:07 [INFO]   0.0% (0.0 MB)
2026-10-03 17:58:09 [INFO]   0.0% (1.0 MB)
2026-10-03 17:58:09 [INFO]   0.0% (1.0 MB)
2026-10-03 17:58:09 [INFO]   0.0% (1.0 MB)
2026-10-03 17:58:09 [INFO]   0.0% (1.0 MB)
2026-10-03 17:58:09 [INFO]   0.0% (1.0 MB)
2026-10-03 17:58:09 [INFO]   0.0% (1.0 MB)
2026-10-03 17:58:09 [INFO]   0.0% (1.0 MB)
2026-10-03 17:58:09 [INFO]   0.0% (1.0 MB)
2026-10-03 17:58:09 [INFO]   0.0% (1.0 MB)
2026-10-03 17:58:09 [INFO]   0.0% (1.0 MB)
2026-10-03 17:58:09 [INFO]   0.0% (1.0 MB)
2026-10-03 17:58:09 [INFO]   0.0% (1.0 MB)
2026-10-03 17:58:10 [INFO]   0.0% (2.0 MB)
2026-10-03 17:58:10 [INFO]   0.0% (2.0 MB)
2026-10-03 17:58:10 [INFO]   0.0% (2.0 MB)
2026-10-03 17:58:10 [INFO]   0.0% (2.0 MB)
2026-10-03 17:58:10 [INFO]   0.0% (2.0 MB)
2026-10-03 17:58:10 [INFO]   0.0% (2.0 MB)
2026-10-03 17:58:10 [INFO]   0.0% (2.0 MB)
2026-10-03 17:58:10 [INFO]   0.0% (2.0 MB)
2026-10-03 17:58:10 [INFO]   0.0% (2.0 MB)
2026-10-03 17:58:10 [INFO]   0.0% (2.0 MB)
2026-10-03 17:58:10 [INFO]   0.0% (2.0 MB)
2026-10-03 17:58:10 [INFO]   0.0% (2.0 MB)
2026-10-03 17:58:12 [INFO]   ✓ f36.jpg — 2.99 MB en 5.6s
2026-10-03 17:58:12 [INFO]   ⏸  Pausa 8.8s...
2026-10-03 17:58:21 [INFO] [19/122] f37
2026-10-03 17:58:24 [INFO]   0.0% (0.0 MB)
2026-10-03 17:58:24 [INFO]   0.0% (0.0 MB)
2026-10-03 17:58:24 [INFO]   0.0% (0.0 MB)
2026-10-03 17:58:24 [INFO]   0.0% (0.0 MB)
2026-10-03 17:58:24 [INFO]   0.0% (0.0 MB)
2026-10-03 17:58:24 [INFO]   0.0% (0.0 MB)
2026-10-03 17:58:24 [INFO]   0.0% (0.0 MB)
2026-10-03 17:58:24 [INFO]   0.0% (0.0 MB)
2026-10-03 17:58:24 [INFO]   0.0% (0.0 MB)
2026-10-03 17:58:24 [INFO]   0.0% (0.0 MB)
2026-10-03 17:58:24 [INFO]   0.0% (0.0 MB)
2026-10-03 17:58:26 [INFO]   0.0% (1.0 MB)
2026-10-03 17:58:26 [INFO]   0.0% (1.0 MB)
2026-10-03 17:58:26 [INFO]   0.0% (1.0 MB)
2026-10-03 17:58:26 [INFO]   0.0% (1.0 MB)
2026-10-03 17:58:26 [INFO]   0.0% (1.0 MB)
2026-10-03 17:58:26 [INFO]   0.0% (1.0 MB)
2026-10-03 17:58:26 [INFO]   0.0% (1.0 MB)
2026-10-03 17:58:26 [INFO]   0.0% (1.0 MB)
2026-10-03 17:58:26 [INFO]   0.0% (1.0 MB)
2026-10-03 17:58:26 [INFO]   0.0% (1.0 MB)
2026-10-03 17:58:26 [INFO]   0.0% (1.0 MB)
2026-10-03 17:58:26 [INFO]   0.0% (1.0 MB)
2026-10-03 17:58:28 [INFO]   0.0% (2.0 MB)
2026-10-03 17:58:28 [INFO]   0.0% (2.0 MB)
2026-10-03 17:58:28 [INFO]   0.0% (2.0 MB)
2026-10-03 17:58:28 [INFO]   0.0% (2.0 MB)
2026-10-03 17:58:28 [INFO]   0.0% (2.0 MB)
2026-10-03 17:58:28 [INFO]   0.0% (2.0 MB)
2026-10-03 17:58:28 [INFO]   0.0% (2.0 MB)
2026-10-03 17:58:28 [INFO]   0.0% (2.0 MB)
2026-10-03 17:58:28 [INFO]   0.0% (2.0 MB)
2026-10-03 17:58:28 [INFO]   0.0% (2.0 MB)
2026-10-03 17:58:28 [INFO]   0.0% (2.0 MB)
2026-10-03 17:58:28 [INFO]   0.0% (2.0 MB)
2026-10-03 17:58:29 [INFO]   0.0% (3.0 MB)
2026-10-03 17:58:29 [INFO]   0.0% (3.0 MB)
2026-10-03 17:58:29 [INFO]   0.0% (3.0 MB)
2026-10-03 17:58:29 [INFO]   0.0% (3.0 MB)
2026-10-03 17:58:29 [INFO]   0.0% (3.0 MB)
2026-10-03 17:58:29 [INFO]   0.0% (3.0 MB)
2026-10-03 17:58:29 [INFO]   0.0% (3.0 MB)
2026-10-03 17:58:29 [INFO]   0.0% (3.0 MB)
2026-10-03 17:58:29 [INFO]   0.0% (3.0 MB)
2026-10-03 17:58:29 [INFO]   0.0% (3.0 MB)
2026-10-03 17:58:29 [INFO]   0.0% (3.0 MB)
2026-10-03 17:58:29 [INFO]   0.0% (3.0 MB)
2026-10-03 17:58:30 [INFO]   ✓ f37.jpg — 3.45 MB en 5.8s
2026-10-03 17:58:30 [INFO]   ⏸  Pausa 9.5s...
2026-10-03 17:58:39 [INFO] [20/122] f38
2026-10-03 17:58:42 [INFO]   0.0% (0.0 MB)
2026-10-03 17:58:42 [INFO]   0.0% (0.0 MB)
2026-10-03 17:58:42 [INFO]   0.0% (0.0 MB)
2026-10-03 17:58:42 [INFO]   0.0% (0.0 MB)
2026-10-03 17:58:42 [INFO]   0.0% (0.0 MB)
2026-10-03 17:58:42 [INFO]   0.0% (0.0 MB)
2026-10-03 17:58:42 [INFO]   0.0% (0.0 MB)
2026-10-03 17:58:42 [INFO]   0.0% (0.0 MB)
2026-10-03 17:58:42 [INFO]   0.0% (0.0 MB)
2026-10-03 17:58:42 [INFO]   0.0% (0.0 MB)
2026-10-03 17:58:42 [INFO]   0.0% (0.0 MB)
2026-10-03 17:58:44 [INFO]   0.0% (1.0 MB)
2026-10-03 17:58:44 [INFO]   0.0% (1.0 MB)
2026-10-03 17:58:44 [INFO]   0.0% (1.0 MB)
2026-10-03 17:58:44 [INFO]   0.0% (1.0 MB)
2026-10-03 17:58:44 [INFO]   0.0% (1.0 MB)
2026-10-03 17:58:44 [INFO]   0.0% (1.0 MB)
2026-10-03 17:58:44 [INFO]   0.0% (1.0 MB)
2026-10-03 17:58:44 [INFO]   0.0% (1.0 MB)
2026-10-03 17:58:44 [INFO]   0.0% (1.0 MB)
2026-10-03 17:58:44 [INFO]   0.0% (1.0 MB)
2026-10-03 17:58:44 [INFO]   0.0% (1.0 MB)
2026-10-03 17:58:44 [INFO]   0.0% (1.0 MB)
2026-10-03 17:58:46 [INFO]   0.0% (2.0 MB)
2026-10-03 17:58:46 [INFO]   0.0% (2.0 MB)
2026-10-03 17:58:46 [INFO]   0.0% (2.0 MB)
2026-10-03 17:58:46 [INFO]   0.0% (2.0 MB)
2026-10-03 17:58:46 [INFO]   0.0% (2.0 MB)
2026-10-03 17:58:46 [INFO]   0.0% (2.0 MB)
2026-10-03 17:58:46 [INFO]   0.0% (2.0 MB)
2026-10-03 17:58:46 [INFO]   0.0% (2.0 MB)
2026-10-03 17:58:46 [INFO]   0.0% (2.0 MB)
2026-10-03 17:58:46 [INFO]   0.0% (2.0 MB)
2026-10-03 17:58:46 [INFO]   0.0% (2.0 MB)
2026-10-03 17:58:46 [INFO]   0.0% (2.0 MB)
2026-10-03 17:58:47 [INFO]   ✓ f38.jpg — 2.88 MB en 5.3s
2026-10-03 17:58:47 [INFO]   ⏸  Pausa 14.5s...
2026-10-03 17:59:02 [INFO] [21/122] f39
2026-10-03 17:59:04 [INFO]   0.0% (0.0 MB)
2026-10-03 17:59:04 [INFO]   0.0% (0.0 MB)
2026-10-03 17:59:04 [INFO]   0.0% (0.0 MB)
2026-10-03 17:59:04 [INFO]   0.0% (0.0 MB)
2026-10-03 17:59:04 [INFO]   0.0% (0.0 MB)
2026-10-03 17:59:04 [INFO]   0.0% (0.0 MB)
2026-10-03 17:59:04 [INFO]   0.0% (0.0 MB)
2026-10-03 17:59:04 [INFO]   0.0% (0.0 MB)
2026-10-03 17:59:04 [INFO]   0.0% (0.0 MB)
2026-10-03 17:59:04 [INFO]   0.0% (0.0 MB)
2026-10-03 17:59:05 [INFO]   0.0% (0.0 MB)
2026-10-03 17:59:07 [INFO]   0.0% (1.0 MB)
2026-10-03 17:59:07 [INFO]   0.0% (1.0 MB)
2026-10-03 17:59:07 [INFO]   0.0% (1.0 MB)
2026-10-03 17:59:07 [INFO]   0.0% (1.0 MB)
2026-10-03 17:59:07 [INFO]   0.0% (1.0 MB)
2026-10-03 17:59:07 [INFO]   0.0% (1.0 MB)
2026-10-03 17:59:07 [INFO]   0.0% (1.0 MB)
2026-10-03 17:59:07 [INFO]   0.0% (1.0 MB)
2026-10-03 17:59:07 [INFO]   0.0% (1.0 MB)
2026-10-03 17:59:07 [INFO]   0.0% (1.0 MB)
2026-10-03 17:59:07 [INFO]   0.0% (1.0 MB)
2026-10-03 17:59:07 [INFO]   0.0% (1.0 MB)
2026-10-03 17:59:08 [INFO]   0.0% (2.0 MB)
2026-10-03 17:59:08 [INFO]   0.0% (2.0 MB)
2026-10-03 17:59:08 [INFO]   0.0% (2.0 MB)
2026-10-03 17:59:08 [INFO]   0.0% (2.0 MB)
2026-10-03 17:59:08 [INFO]   0.0% (2.0 MB)
2026-10-03 17:59:08 [INFO]   0.0% (2.0 MB)
2026-10-03 17:59:08 [INFO]   0.0% (2.0 MB)
2026-10-03 17:59:08 [INFO]   0.0% (2.0 MB)
2026-10-03 17:59:08 [INFO]   0.0% (2.0 MB)
2026-10-03 17:59:08 [INFO]   0.0% (2.0 MB)
2026-10-03 17:59:08 [INFO]   0.0% (2.0 MB)
2026-10-03 17:59:08 [INFO]   0.0% (2.0 MB)
2026-10-03 17:59:10 [INFO]   0.0% (3.0 MB)
2026-10-03 17:59:10 [INFO]   0.0% (3.0 MB)
2026-10-03 17:59:10 [INFO]   0.0% (3.0 MB)
2026-10-03 17:59:10 [INFO]   0.0% (3.0 MB)
2026-10-03 17:59:10 [INFO]   0.0% (3.0 MB)
2026-10-03 17:59:10 [INFO]   0.0% (3.0 MB)
2026-10-03 17:59:10 [INFO]   0.0% (3.0 MB)
2026-10-03 17:59:10 [INFO]   0.0% (3.0 MB)
2026-10-03 17:59:10 [INFO]   0.0% (3.0 MB)
2026-10-03 17:59:10 [INFO]   0.0% (3.0 MB)
2026-10-03 17:59:10 [INFO]   0.0% (3.0 MB)
2026-10-03 17:59:10 [INFO]   0.0% (3.0 MB)
2026-10-03 17:59:10 [INFO]   ✓ f39.jpg — 3.21 MB en 5.6s
2026-10-03 17:59:10 [INFO]   ⏸  Pausa 16.5s...
2026-10-03 17:59:26 [INFO] [22/122] f40
2026-10-03 17:59:29 [INFO]   0.0% (0.0 MB)
2026-10-03 17:59:29 [INFO]   0.0% (0.0 MB)
2026-10-03 17:59:29 [INFO]   0.0% (0.0 MB)
2026-10-03 17:59:29 [INFO]   0.0% (0.0 MB)
2026-10-03 17:59:29 [INFO]   0.0% (0.0 MB)
2026-10-03 17:59:29 [INFO]   0.0% (0.0 MB)
2026-10-03 17:59:29 [INFO]   0.0% (0.0 MB)
2026-10-03 17:59:29 [INFO]   0.0% (0.0 MB)
2026-10-03 17:59:29 [INFO]   0.0% (0.0 MB)
2026-10-03 17:59:29 [INFO]   0.0% (0.0 MB)
2026-10-03 17:59:29 [INFO]   0.0% (0.0 MB)
2026-10-03 17:59:31 [INFO]   0.0% (1.0 MB)
2026-10-03 17:59:31 [INFO]   0.0% (1.0 MB)
2026-10-03 17:59:31 [INFO]   0.0% (1.0 MB)
2026-10-03 17:59:31 [INFO]   0.0% (1.0 MB)
2026-10-03 17:59:31 [INFO]   0.0% (1.0 MB)
2026-10-03 17:59:31 [INFO]   0.0% (1.0 MB)
2026-10-03 17:59:31 [INFO]   0.0% (1.0 MB)
2026-10-03 17:59:31 [INFO]   0.0% (1.0 MB)
2026-10-03 17:59:31 [INFO]   0.0% (1.0 MB)
2026-10-03 17:59:31 [INFO]   0.0% (1.0 MB)
2026-10-03 17:59:31 [INFO]   0.0% (1.0 MB)
2026-10-03 17:59:31 [INFO]   0.0% (1.0 MB)
2026-10-03 17:59:33 [INFO]   0.0% (2.0 MB)
2026-10-03 17:59:33 [INFO]   0.0% (2.0 MB)
2026-10-03 17:59:33 [INFO]   0.0% (2.0 MB)
2026-10-03 17:59:33 [INFO]   0.0% (2.0 MB)
2026-10-03 17:59:33 [INFO]   0.0% (2.0 MB)
2026-10-03 17:59:33 [INFO]   0.0% (2.0 MB)
2026-10-03 17:59:33 [INFO]   0.0% (2.0 MB)
2026-10-03 17:59:33 [INFO]   0.0% (2.0 MB)
2026-10-03 17:59:33 [INFO]   0.0% (2.0 MB)
2026-10-03 17:59:33 [INFO]   0.0% (2.0 MB)
2026-10-03 17:59:33 [INFO]   0.0% (2.0 MB)
2026-10-03 17:59:33 [INFO]   0.0% (2.0 MB)
2026-10-03 17:59:34 [INFO]   0.0% (3.0 MB)
2026-10-03 17:59:34 [INFO]   0.0% (3.0 MB)
2026-10-03 17:59:34 [INFO]   0.0% (3.0 MB)
2026-10-03 17:59:34 [INFO]   0.0% (3.0 MB)
2026-10-03 17:59:34 [INFO]   0.0% (3.0 MB)
2026-10-03 17:59:34 [INFO]   0.0% (3.0 MB)
2026-10-03 17:59:34 [INFO]   0.0% (3.0 MB)
2026-10-03 17:59:34 [INFO]   0.0% (3.0 MB)
2026-10-03 17:59:34 [INFO]   0.0% (3.0 MB)
2026-10-03 17:59:34 [INFO]   0.0% (3.0 MB)
2026-10-03 17:59:34 [INFO]   0.0% (3.0 MB)
2026-10-03 17:59:35 [INFO]   0.0% (3.0 MB)
2026-10-03 17:59:35 [INFO]   ✓ f40.jpg — 3.08 MB en 5.5s
2026-10-03 17:59:35 [INFO]   ⏸  Pausa 13.4s...
2026-10-03 17:59:48 [INFO] [23/122] f41
2026-10-03 17:59:51 [INFO]   0.0% (0.0 MB)
2026-10-03 17:59:51 [INFO]   0.0% (0.0 MB)
2026-10-03 17:59:51 [INFO]   0.0% (0.0 MB)
2026-10-03 17:59:51 [INFO]   0.0% (0.0 MB)
2026-10-03 17:59:51 [INFO]   0.0% (0.0 MB)
2026-10-03 17:59:51 [INFO]   0.0% (0.0 MB)
2026-10-03 17:59:51 [INFO]   0.0% (0.0 MB)
2026-10-03 17:59:51 [INFO]   0.0% (0.0 MB)
2026-10-03 17:59:51 [INFO]   0.0% (0.0 MB)
2026-10-03 17:59:51 [INFO]   0.0% (0.0 MB)
2026-10-03 17:59:51 [INFO]   0.0% (0.0 MB)
2026-10-03 17:59:53 [INFO]   0.0% (1.0 MB)
2026-10-03 17:59:53 [INFO]   0.0% (1.0 MB)
2026-10-03 17:59:53 [INFO]   0.0% (1.0 MB)
2026-10-03 17:59:53 [INFO]   0.0% (1.0 MB)
2026-10-03 17:59:53 [INFO]   0.0% (1.0 MB)
2026-10-03 17:59:53 [INFO]   0.0% (1.0 MB)
2026-10-03 17:59:53 [INFO]   0.0% (1.0 MB)
2026-10-03 17:59:53 [INFO]   0.0% (1.0 MB)
2026-10-03 17:59:53 [INFO]   0.0% (1.0 MB)
2026-10-03 17:59:53 [INFO]   0.0% (1.0 MB)
2026-10-03 17:59:53 [INFO]   0.0% (1.0 MB)
2026-10-03 17:59:53 [INFO]   0.0% (1.0 MB)
2026-10-03 17:59:55 [INFO]   0.0% (2.0 MB)
2026-10-03 17:59:55 [INFO]   0.0% (2.0 MB)
2026-10-03 17:59:55 [INFO]   0.0% (2.0 MB)
2026-10-03 17:59:55 [INFO]   0.0% (2.0 MB)
2026-10-03 17:59:55 [INFO]   0.0% (2.0 MB)
2026-10-03 17:59:55 [INFO]   0.0% (2.0 MB)
2026-10-03 17:59:55 [INFO]   0.0% (2.0 MB)
2026-10-03 17:59:55 [INFO]   0.0% (2.0 MB)
2026-10-03 17:59:55 [INFO]   0.0% (2.0 MB)
2026-10-03 17:59:55 [INFO]   0.0% (2.0 MB)
2026-10-03 17:59:55 [INFO]   0.0% (2.0 MB)
2026-10-03 17:59:55 [INFO]   0.0% (2.0 MB)
2026-10-03 17:59:56 [INFO]   0.0% (3.0 MB)
2026-10-03 17:59:56 [INFO]   0.0% (3.0 MB)
2026-10-03 17:59:56 [INFO]   0.0% (3.0 MB)
2026-10-03 17:59:56 [INFO]   0.0% (3.0 MB)
2026-10-03 17:59:56 [INFO]   0.0% (3.0 MB)
2026-10-03 17:59:56 [INFO]   0.0% (3.0 MB)
2026-10-03 17:59:56 [INFO]   0.0% (3.0 MB)
2026-10-03 17:59:56 [INFO]   0.0% (3.0 MB)
2026-10-03 17:59:56 [INFO]   0.0% (3.0 MB)
2026-10-03 17:59:56 [INFO]   0.0% (3.0 MB)
2026-10-03 17:59:56 [INFO]   0.0% (3.0 MB)
2026-10-03 17:59:56 [INFO]   0.0% (3.0 MB)
2026-10-03 17:59:57 [INFO]   ✓ f41.jpg — 3.27 MB en 6.2s
2026-10-03 17:59:57 [INFO]   ⏸  Pausa 8.5s...
2026-10-03 18:00:05 [INFO] [24/122] f42
2026-10-03 18:00:08 [INFO]   0.0% (0.0 MB)
2026-10-03 18:00:09 [INFO]   0.0% (0.0 MB)
2026-10-03 18:00:09 [INFO]   0.0% (0.0 MB)
2026-10-03 18:00:09 [INFO]   0.0% (0.0 MB)
2026-10-03 18:00:09 [INFO]   0.0% (0.0 MB)
2026-10-03 18:00:09 [INFO]   0.0% (0.0 MB)
2026-10-03 18:00:09 [INFO]   0.0% (0.0 MB)
2026-10-03 18:00:09 [INFO]   0.0% (0.0 MB)
2026-10-03 18:00:09 [INFO]   0.0% (0.0 MB)
2026-10-03 18:00:09 [INFO]   0.0% (0.0 MB)
2026-10-03 18:00:09 [INFO]   0.0% (0.0 MB)
2026-10-03 18:00:13 [INFO]   0.0% (1.0 MB)
2026-10-03 18:00:13 [INFO]   0.0% (1.0 MB)
2026-10-03 18:00:13 [INFO]   0.0% (1.0 MB)
2026-10-03 18:00:13 [INFO]   0.0% (1.0 MB)
2026-10-03 18:00:13 [INFO]   0.0% (1.0 MB)
2026-10-03 18:00:13 [INFO]   0.0% (1.0 MB)
2026-10-03 18:00:13 [INFO]   0.0% (1.0 MB)
2026-10-03 18:00:13 [INFO]   0.0% (1.0 MB)
2026-10-03 18:00:13 [INFO]   0.0% (1.0 MB)
2026-10-03 18:00:13 [INFO]   0.0% (1.0 MB)
2026-10-03 18:00:13 [INFO]   0.0% (1.0 MB)
2026-10-03 18:00:13 [INFO]   0.0% (1.0 MB)
2026-10-03 18:00:14 [INFO]   0.0% (2.0 MB)
2026-10-03 18:00:14 [INFO]   0.0% (2.0 MB)
2026-10-03 18:00:14 [INFO]   0.0% (2.0 MB)
2026-10-03 18:00:14 [INFO]   0.0% (2.0 MB)
2026-10-03 18:00:14 [INFO]   0.0% (2.0 MB)
2026-10-03 18:00:14 [INFO]   0.0% (2.0 MB)
2026-10-03 18:00:14 [INFO]   0.0% (2.0 MB)
2026-10-03 18:00:14 [INFO]   0.0% (2.0 MB)
2026-10-03 18:00:14 [INFO]   0.0% (2.0 MB)
2026-10-03 18:00:14 [INFO]   0.0% (2.0 MB)
2026-10-03 18:00:14 [INFO]   0.0% (2.0 MB)
2026-10-03 18:00:14 [INFO]   0.0% (2.0 MB)
2026-10-03 18:00:15 [INFO]   ✓ f42.jpg — 2.62 MB en 6.6s
2026-10-03 18:00:15 [INFO]   ⏸  Pausa 16.5s...
2026-10-03 18:00:31 [INFO] [25/122] f43
2026-10-03 18:00:34 [INFO]   0.0% (0.0 MB)
2026-10-03 18:00:34 [INFO]   0.0% (0.0 MB)
2026-10-03 18:00:34 [INFO]   0.0% (0.0 MB)
2026-10-03 18:00:34 [INFO]   0.0% (0.0 MB)
2026-10-03 18:00:34 [INFO]   0.0% (0.0 MB)
2026-10-03 18:00:34 [INFO]   0.0% (0.0 MB)
2026-10-03 18:00:34 [INFO]   0.0% (0.0 MB)
2026-10-03 18:00:34 [INFO]   0.0% (0.0 MB)
2026-10-03 18:00:34 [INFO]   0.0% (0.0 MB)
2026-10-03 18:00:34 [INFO]   0.0% (0.0 MB)
2026-10-03 18:00:34 [INFO]   0.0% (0.0 MB)
2026-10-03 18:00:36 [INFO]   0.0% (1.0 MB)
2026-10-03 18:00:36 [INFO]   0.0% (1.0 MB)
2026-10-03 18:00:36 [INFO]   0.0% (1.0 MB)
2026-10-03 18:00:36 [INFO]   0.0% (1.0 MB)
2026-10-03 18:00:36 [INFO]   0.0% (1.0 MB)
2026-10-03 18:00:36 [INFO]   0.0% (1.0 MB)
2026-10-03 18:00:36 [INFO]   0.0% (1.0 MB)
2026-10-03 18:00:36 [INFO]   0.0% (1.0 MB)
2026-10-03 18:00:36 [INFO]   0.0% (1.0 MB)
2026-10-03 18:00:36 [INFO]   0.0% (1.0 MB)
2026-10-03 18:00:36 [INFO]   0.0% (1.0 MB)
2026-10-03 18:00:36 [INFO]   0.0% (1.0 MB)
2026-10-03 18:00:38 [INFO]   0.0% (2.0 MB)
2026-10-03 18:00:38 [INFO]   0.0% (2.0 MB)
2026-10-03 18:00:38 [INFO]   0.0% (2.0 MB)
2026-10-03 18:00:38 [INFO]   0.0% (2.0 MB)
2026-10-03 18:00:38 [INFO]   0.0% (2.0 MB)
2026-10-03 18:00:38 [INFO]   0.0% (2.0 MB)
2026-10-03 18:00:38 [INFO]   0.0% (2.0 MB)
2026-10-03 18:00:38 [INFO]   0.0% (2.0 MB)
2026-10-03 18:00:38 [INFO]   0.0% (2.0 MB)
2026-10-03 18:00:38 [INFO]   0.0% (2.0 MB)
2026-10-03 18:00:38 [INFO]   0.0% (2.0 MB)
2026-10-03 18:00:38 [INFO]   0.0% (2.0 MB)
2026-10-03 18:00:39 [INFO]   ✓ f43.jpg — 2.72 MB en 5.0s
2026-10-03 18:00:39 [INFO]   ⏸  Pausa 15.5s...
2026-10-03 18:00:54 [INFO] [26/122] f44
2026-10-03 18:00:57 [INFO]   0.0% (0.0 MB)
2026-10-03 18:00:57 [INFO]   0.0% (0.0 MB)
2026-10-03 18:00:57 [INFO]   0.0% (0.0 MB)
2026-10-03 18:00:57 [INFO]   0.0% (0.0 MB)
2026-10-03 18:00:57 [INFO]   0.0% (0.0 MB)
2026-10-03 18:00:57 [INFO]   0.0% (0.0 MB)
2026-10-03 18:00:57 [INFO]   0.0% (0.0 MB)
2026-10-03 18:00:57 [INFO]   0.0% (0.0 MB)
2026-10-03 18:00:57 [INFO]   0.0% (0.0 MB)
2026-10-03 18:00:57 [INFO]   0.0% (0.0 MB)
2026-10-03 18:00:57 [INFO]   0.0% (0.0 MB)
2026-10-03 18:01:00 [INFO]   0.0% (1.0 MB)
2026-10-03 18:01:00 [INFO]   0.0% (1.0 MB)
2026-10-03 18:01:00 [INFO]   0.0% (1.0 MB)
2026-10-03 18:01:00 [INFO]   0.0% (1.0 MB)
2026-10-03 18:01:00 [INFO]   0.0% (1.0 MB)
2026-10-03 18:01:00 [INFO]   0.0% (1.0 MB)
2026-10-03 18:01:00 [INFO]   0.0% (1.0 MB)
2026-10-03 18:01:00 [INFO]   0.0% (1.0 MB)
2026-10-03 18:01:00 [INFO]   0.0% (1.0 MB)
2026-10-03 18:01:00 [INFO]   0.0% (1.0 MB)
2026-10-03 18:01:00 [INFO]   0.0% (1.0 MB)
2026-10-03 18:01:00 [INFO]   0.0% (1.0 MB)
2026-10-03 18:01:01 [INFO]   0.0% (2.0 MB)
2026-10-03 18:01:01 [INFO]   0.0% (2.0 MB)
2026-10-03 18:01:01 [INFO]   0.0% (2.0 MB)
2026-10-03 18:01:01 [INFO]   0.0% (2.0 MB)
2026-10-03 18:01:01 [INFO]   0.0% (2.0 MB)
2026-10-03 18:01:01 [INFO]   0.0% (2.0 MB)
2026-10-03 18:01:01 [INFO]   0.0% (2.0 MB)
2026-10-03 18:01:01 [INFO]   0.0% (2.0 MB)
2026-10-03 18:01:01 [INFO]   0.0% (2.0 MB)
2026-10-03 18:01:01 [INFO]   0.0% (2.0 MB)
2026-10-03 18:01:01 [INFO]   0.0% (2.0 MB)
2026-10-03 18:01:01 [INFO]   0.0% (2.0 MB)
2026-10-03 18:01:03 [INFO]   ✓ f44.jpg — 2.79 MB en 5.5s
2026-10-03 18:01:03 [INFO]   ⏸  Pausa 18.9s...
2026-10-03 18:01:22 [INFO] [27/122] f45
2026-10-03 18:01:25 [INFO]   0.0% (0.0 MB)
2026-10-03 18:01:25 [INFO]   0.0% (0.0 MB)
2026-10-03 18:01:25 [INFO]   0.0% (0.0 MB)
2026-10-03 18:01:25 [INFO]   0.0% (0.0 MB)
2026-10-03 18:01:25 [INFO]   0.0% (0.0 MB)
2026-10-03 18:01:25 [INFO]   0.0% (0.0 MB)
2026-10-03 18:01:25 [INFO]   0.0% (0.0 MB)
2026-10-03 18:01:25 [INFO]   0.0% (0.0 MB)
2026-10-03 18:01:25 [INFO]   0.0% (0.0 MB)
2026-10-03 18:01:25 [INFO]   0.0% (0.0 MB)
2026-10-03 18:01:25 [INFO]   0.0% (0.0 MB)
2026-10-03 18:01:27 [INFO]   0.0% (1.0 MB)
2026-10-03 18:01:27 [INFO]   0.0% (1.0 MB)
2026-10-03 18:01:27 [INFO]   0.0% (1.0 MB)
2026-10-03 18:01:27 [INFO]   0.0% (1.0 MB)
2026-10-03 18:01:27 [INFO]   0.0% (1.0 MB)
2026-10-03 18:01:28 [INFO]   0.0% (1.0 MB)
2026-10-03 18:01:28 [INFO]   0.0% (1.0 MB)
2026-10-03 18:01:28 [INFO]   0.0% (1.0 MB)
2026-10-03 18:01:28 [INFO]   0.0% (1.0 MB)
2026-10-03 18:01:28 [INFO]   0.0% (1.0 MB)
2026-10-03 18:01:28 [INFO]   0.0% (1.0 MB)
2026-10-03 18:01:28 [INFO]   0.0% (1.0 MB)
2026-10-03 18:01:29 [INFO]   0.0% (2.0 MB)
2026-10-03 18:01:29 [INFO]   0.0% (2.0 MB)
2026-10-03 18:01:29 [INFO]   0.0% (2.0 MB)
2026-10-03 18:01:29 [INFO]   0.0% (2.0 MB)
2026-10-03 18:01:29 [INFO]   0.0% (2.0 MB)
2026-10-03 18:01:29 [INFO]   0.0% (2.0 MB)
2026-10-03 18:01:29 [INFO]   0.0% (2.0 MB)
2026-10-03 18:01:29 [INFO]   0.0% (2.0 MB)
2026-10-03 18:01:29 [INFO]   0.0% (2.0 MB)
2026-10-03 18:01:29 [INFO]   0.0% (2.0 MB)
2026-10-03 18:01:29 [INFO]   0.0% (2.0 MB)
2026-10-03 18:01:29 [INFO]   0.0% (2.0 MB)
2026-10-03 18:01:31 [INFO]   0.0% (3.0 MB)
2026-10-03 18:01:31 [INFO]   0.0% (3.0 MB)
2026-10-03 18:01:31 [INFO]   0.0% (3.0 MB)
2026-10-03 18:01:31 [INFO]   0.0% (3.0 MB)
2026-10-03 18:01:31 [INFO]   0.0% (3.0 MB)
2026-10-03 18:01:31 [INFO]   0.0% (3.0 MB)
2026-10-03 18:01:31 [INFO]   0.0% (3.0 MB)
2026-10-03 18:01:31 [INFO]   0.0% (3.0 MB)
2026-10-03 18:01:31 [INFO]   0.0% (3.0 MB)
2026-10-03 18:01:31 [INFO]   0.0% (3.0 MB)
2026-10-03 18:01:31 [INFO]   0.0% (3.0 MB)
2026-10-03 18:01:31 [INFO]   0.0% (3.0 MB)
2026-10-03 18:01:31 [INFO]   ✓ f45.jpg — 3.06 MB en 5.8s
2026-10-03 18:01:31 [INFO]   ⏸  Pausa 11.3s...
2026-10-03 18:01:42 [INFO] [28/122] f46
2026-10-03 18:01:45 [INFO]   0.0% (0.0 MB)
2026-10-03 18:01:45 [INFO]   0.0% (0.0 MB)
2026-10-03 18:01:45 [INFO]   0.0% (0.0 MB)
2026-10-03 18:01:45 [INFO]   0.0% (0.0 MB)
2026-10-03 18:01:45 [INFO]   0.0% (0.0 MB)
2026-10-03 18:01:45 [INFO]   0.0% (0.0 MB)
2026-10-03 18:01:45 [INFO]   0.0% (0.0 MB)
2026-10-03 18:01:46 [INFO]   0.0% (0.0 MB)
2026-10-03 18:01:46 [INFO]   0.0% (0.0 MB)
2026-10-03 18:01:46 [INFO]   0.0% (0.0 MB)
2026-10-03 18:01:46 [INFO]   0.0% (0.0 MB)
2026-10-03 18:01:48 [INFO]   0.0% (1.0 MB)
2026-10-03 18:01:48 [INFO]   0.0% (1.0 MB)
2026-10-03 18:01:48 [INFO]   0.0% (1.0 MB)
2026-10-03 18:01:48 [INFO]   0.0% (1.0 MB)
2026-10-03 18:01:48 [INFO]   0.0% (1.0 MB)
2026-10-03 18:01:48 [INFO]   0.0% (1.0 MB)
2026-10-03 18:01:48 [INFO]   0.0% (1.0 MB)
2026-10-03 18:01:48 [INFO]   0.0% (1.0 MB)
2026-10-03 18:01:48 [INFO]   0.0% (1.0 MB)
2026-10-03 18:01:48 [INFO]   0.0% (1.0 MB)
2026-10-03 18:01:48 [INFO]   0.0% (1.0 MB)
2026-10-03 18:01:48 [INFO]   0.0% (1.0 MB)
2026-10-03 18:01:50 [INFO]   0.0% (2.0 MB)
2026-10-03 18:01:50 [INFO]   0.0% (2.0 MB)
2026-10-03 18:01:50 [INFO]   0.0% (2.0 MB)
2026-10-03 18:01:50 [INFO]   0.0% (2.0 MB)
2026-10-03 18:01:50 [INFO]   0.0% (2.0 MB)
2026-10-03 18:01:50 [INFO]   0.0% (2.0 MB)
2026-10-03 18:01:50 [INFO]   0.0% (2.0 MB)
2026-10-03 18:01:50 [INFO]   0.0% (2.0 MB)
2026-10-03 18:01:50 [INFO]   0.0% (2.0 MB)
2026-10-03 18:01:50 [INFO]   0.0% (2.0 MB)
2026-10-03 18:01:50 [INFO]   0.0% (2.0 MB)
2026-10-03 18:01:50 [INFO]   0.0% (2.0 MB)
2026-10-03 18:01:51 [INFO]   ✓ f46.jpg — 2.78 MB en 5.5s
2026-10-03 18:01:51 [INFO]   ⏸  Pausa 17.7s...
2026-10-03 18:02:08 [INFO] [29/122] f47
2026-10-03 18:02:11 [INFO]   0.0% (0.0 MB)
2026-10-03 18:02:11 [INFO]   0.0% (0.0 MB)
2026-10-03 18:02:11 [INFO]   0.0% (0.0 MB)
2026-10-03 18:02:11 [INFO]   0.0% (0.0 MB)
2026-10-03 18:02:11 [INFO]   0.0% (0.0 MB)
2026-10-03 18:02:11 [INFO]   0.0% (0.0 MB)
2026-10-03 18:02:11 [INFO]   0.0% (0.0 MB)
2026-10-03 18:02:11 [INFO]   0.0% (0.0 MB)
2026-10-03 18:02:11 [INFO]   0.0% (0.0 MB)
2026-10-03 18:02:11 [INFO]   0.0% (0.0 MB)
2026-10-03 18:02:12 [INFO]   0.0% (0.0 MB)
2026-10-03 18:02:14 [INFO]   0.0% (1.0 MB)
2026-10-03 18:02:14 [INFO]   0.0% (1.0 MB)
2026-10-03 18:02:14 [INFO]   0.0% (1.0 MB)
2026-10-03 18:02:14 [INFO]   0.0% (1.0 MB)
2026-10-03 18:02:14 [INFO]   0.0% (1.0 MB)
2026-10-03 18:02:14 [INFO]   0.0% (1.0 MB)
2026-10-03 18:02:14 [INFO]   0.0% (1.0 MB)
2026-10-03 18:02:14 [INFO]   0.0% (1.0 MB)
2026-10-03 18:02:14 [INFO]   0.0% (1.0 MB)
2026-10-03 18:02:14 [INFO]   0.0% (1.0 MB)
2026-10-03 18:02:14 [INFO]   0.0% (1.0 MB)
2026-10-03 18:02:14 [INFO]   0.0% (1.0 MB)
2026-10-03 18:02:16 [INFO]   0.0% (2.0 MB)
2026-10-03 18:02:16 [INFO]   0.0% (2.0 MB)
2026-10-03 18:02:16 [INFO]   0.0% (2.0 MB)
2026-10-03 18:02:16 [INFO]   0.0% (2.0 MB)
2026-10-03 18:02:16 [INFO]   0.0% (2.0 MB)
2026-10-03 18:02:16 [INFO]   0.0% (2.0 MB)
2026-10-03 18:02:16 [INFO]   0.0% (2.0 MB)
2026-10-03 18:02:16 [INFO]   0.0% (2.0 MB)
2026-10-03 18:02:16 [INFO]   0.0% (2.0 MB)
2026-10-03 18:02:16 [INFO]   0.0% (2.0 MB)
2026-10-03 18:02:16 [INFO]   0.0% (2.0 MB)
2026-10-03 18:02:16 [INFO]   0.0% (2.0 MB)
2026-10-03 18:02:17 [INFO]   0.0% (3.0 MB)
2026-10-03 18:02:17 [INFO]   0.0% (3.0 MB)
2026-10-03 18:02:17 [INFO]   0.0% (3.0 MB)
2026-10-03 18:02:17 [INFO]   0.0% (3.0 MB)
2026-10-03 18:02:17 [INFO]   0.0% (3.0 MB)
2026-10-03 18:02:17 [INFO]   0.0% (3.0 MB)
2026-10-03 18:02:17 [INFO]   0.0% (3.0 MB)
2026-10-03 18:02:17 [INFO]   0.0% (3.0 MB)
2026-10-03 18:02:17 [INFO]   0.0% (3.0 MB)
2026-10-03 18:02:17 [INFO]   0.0% (3.0 MB)
2026-10-03 18:02:17 [INFO]   0.0% (3.0 MB)
2026-10-03 18:02:17 [INFO]   0.0% (3.0 MB)
2026-10-03 18:02:17 [INFO]   ✓ f47.jpg — 3.05 MB en 5.7s
2026-10-03 18:02:17 [INFO]   ⏸  Pausa 15.5s...
2026-10-03 18:02:32 [INFO] [30/122] f48
2026-10-03 18:02:35 [INFO]   0.0% (0.0 MB)
2026-10-03 18:02:35 [INFO]   0.0% (0.0 MB)
2026-10-03 18:02:35 [INFO]   0.0% (0.0 MB)
2026-10-03 18:02:35 [INFO]   0.0% (0.0 MB)
2026-10-03 18:02:35 [INFO]   0.0% (0.0 MB)
2026-10-03 18:02:35 [INFO]   0.0% (0.0 MB)
2026-10-03 18:02:35 [INFO]   0.0% (0.0 MB)
2026-10-03 18:02:35 [INFO]   0.0% (0.0 MB)
2026-10-03 18:02:35 [INFO]   0.0% (0.0 MB)
2026-10-03 18:02:35 [INFO]   0.0% (0.0 MB)
2026-10-03 18:02:35 [INFO]   0.0% (0.0 MB)
2026-10-03 18:02:38 [INFO]   0.0% (1.0 MB)
2026-10-03 18:02:38 [INFO]   0.0% (1.0 MB)
2026-10-03 18:02:38 [INFO]   0.0% (1.0 MB)
2026-10-03 18:02:38 [INFO]   0.0% (1.0 MB)
2026-10-03 18:02:38 [INFO]   0.0% (1.0 MB)
2026-10-03 18:02:38 [INFO]   0.0% (1.0 MB)
2026-10-03 18:02:38 [INFO]   0.0% (1.0 MB)
2026-10-03 18:02:38 [INFO]   0.0% (1.0 MB)
2026-10-03 18:02:38 [INFO]   0.0% (1.0 MB)
2026-10-03 18:02:38 [INFO]   0.0% (1.0 MB)
2026-10-03 18:02:38 [INFO]   0.0% (1.0 MB)
2026-10-03 18:02:38 [INFO]   0.0% (1.0 MB)
2026-10-03 18:02:39 [INFO]   0.0% (2.0 MB)
2026-10-03 18:02:39 [INFO]   0.0% (2.0 MB)
2026-10-03 18:02:39 [INFO]   0.0% (2.0 MB)
2026-10-03 18:02:39 [INFO]   0.0% (2.0 MB)
2026-10-03 18:02:39 [INFO]   0.0% (2.0 MB)
2026-10-03 18:02:39 [INFO]   0.0% (2.0 MB)
2026-10-03 18:02:39 [INFO]   0.0% (2.0 MB)
2026-10-03 18:02:39 [INFO]   0.0% (2.0 MB)
2026-10-03 18:02:39 [INFO]   0.0% (2.0 MB)
2026-10-03 18:02:39 [INFO]   0.0% (2.0 MB)
2026-10-03 18:02:39 [INFO]   0.0% (2.0 MB)
2026-10-03 18:02:39 [INFO]   0.0% (2.0 MB)
2026-10-03 18:02:40 [INFO]   ✓ f48.jpg — 2.83 MB en 5.3s
2026-10-03 18:02:40 [INFO]   ⏸  Pausa 15.6s...
2026-10-03 18:02:56 [INFO] [31/122] f49
2026-10-03 18:02:59 [INFO]   0.0% (0.0 MB)
2026-10-03 18:02:59 [INFO]   0.0% (0.0 MB)
2026-10-03 18:02:59 [INFO]   0.0% (0.0 MB)
2026-10-03 18:02:59 [INFO]   0.0% (0.0 MB)
2026-10-03 18:02:59 [INFO]   0.0% (0.0 MB)
2026-10-03 18:02:59 [INFO]   0.0% (0.0 MB)
2026-10-03 18:02:59 [INFO]   0.0% (0.0 MB)
2026-10-03 18:02:59 [INFO]   0.0% (0.0 MB)
2026-10-03 18:02:59 [INFO]   0.0% (0.0 MB)
2026-10-03 18:02:59 [INFO]   0.0% (0.0 MB)
2026-10-03 18:02:59 [INFO]   0.0% (0.0 MB)
2026-10-03 18:03:01 [INFO]   0.0% (1.0 MB)
2026-10-03 18:03:01 [INFO]   0.0% (1.0 MB)
2026-10-03 18:03:01 [INFO]   0.0% (1.0 MB)
2026-10-03 18:03:01 [INFO]   0.0% (1.0 MB)
2026-10-03 18:03:01 [INFO]   0.0% (1.0 MB)
2026-10-03 18:03:01 [INFO]   0.0% (1.0 MB)
2026-10-03 18:03:01 [INFO]   0.0% (1.0 MB)
2026-10-03 18:03:01 [INFO]   0.0% (1.0 MB)
2026-10-03 18:03:01 [INFO]   0.0% (1.0 MB)
2026-10-03 18:03:01 [INFO]   0.0% (1.0 MB)
2026-10-03 18:03:01 [INFO]   0.0% (1.0 MB)
2026-10-03 18:03:01 [INFO]   0.0% (1.0 MB)
2026-10-03 18:03:03 [INFO]   0.0% (2.0 MB)
2026-10-03 18:03:03 [INFO]   0.0% (2.0 MB)
2026-10-03 18:03:03 [INFO]   0.0% (2.0 MB)
2026-10-03 18:03:03 [INFO]   0.0% (2.0 MB)
2026-10-03 18:03:03 [INFO]   0.0% (2.0 MB)
2026-10-03 18:03:03 [INFO]   0.0% (2.0 MB)
2026-10-03 18:03:03 [INFO]   0.0% (2.0 MB)
2026-10-03 18:03:03 [INFO]   0.0% (2.0 MB)
2026-10-03 18:03:03 [INFO]   0.0% (2.0 MB)
2026-10-03 18:03:03 [INFO]   0.0% (2.0 MB)
2026-10-03 18:03:03 [INFO]   0.0% (2.0 MB)
2026-10-03 18:03:03 [INFO]   0.0% (2.0 MB)
2026-10-03 18:03:04 [INFO]   0.0% (3.0 MB)
2026-10-03 18:03:04 [INFO]   0.0% (3.0 MB)
2026-10-03 18:03:04 [INFO]   0.0% (3.0 MB)
2026-10-03 18:03:04 [INFO]   0.0% (3.0 MB)
2026-10-03 18:03:05 [INFO]   0.0% (3.0 MB)
2026-10-03 18:03:05 [INFO]   0.0% (3.0 MB)
2026-10-03 18:03:05 [INFO]   0.0% (3.0 MB)
2026-10-03 18:03:05 [INFO]   0.0% (3.0 MB)
2026-10-03 18:03:05 [INFO]   0.0% (3.0 MB)
2026-10-03 18:03:05 [INFO]   0.0% (3.0 MB)
2026-10-03 18:03:05 [INFO]   0.0% (3.0 MB)
2026-10-03 18:03:05 [INFO]   0.0% (3.0 MB)
2026-10-03 18:03:05 [INFO]   ✓ f49.jpg — 3.35 MB en 6.4s
2026-10-03 18:03:05 [INFO]   ⏸  Pausa 10.3s...
2026-10-03 18:03:15 [INFO] [32/122] f50
2026-10-03 18:03:18 [INFO]   0.0% (0.0 MB)
2026-10-03 18:03:18 [INFO]   0.0% (0.0 MB)
2026-10-03 18:03:18 [INFO]   0.0% (0.0 MB)
2026-10-03 18:03:18 [INFO]   0.0% (0.0 MB)
2026-10-03 18:03:18 [INFO]   0.0% (0.0 MB)
2026-10-03 18:03:18 [INFO]   0.0% (0.0 MB)
2026-10-03 18:03:18 [INFO]   0.0% (0.0 MB)
2026-10-03 18:03:18 [INFO]   0.0% (0.0 MB)
2026-10-03 18:03:18 [INFO]   0.0% (0.0 MB)
2026-10-03 18:03:18 [INFO]   0.0% (0.0 MB)
2026-10-03 18:03:18 [INFO]   0.0% (0.0 MB)
2026-10-03 18:03:21 [INFO]   0.0% (1.0 MB)
2026-10-03 18:03:21 [INFO]   0.0% (1.0 MB)
2026-10-03 18:03:21 [INFO]   0.0% (1.0 MB)
2026-10-03 18:03:21 [INFO]   0.0% (1.0 MB)
2026-10-03 18:03:21 [INFO]   0.0% (1.0 MB)
2026-10-03 18:03:21 [INFO]   0.0% (1.0 MB)
2026-10-03 18:03:21 [INFO]   0.0% (1.0 MB)
2026-10-03 18:03:21 [INFO]   0.0% (1.0 MB)
2026-10-03 18:03:21 [INFO]   0.0% (1.0 MB)
2026-10-03 18:03:21 [INFO]   0.0% (1.0 MB)
2026-10-03 18:03:21 [INFO]   0.0% (1.0 MB)
2026-10-03 18:03:21 [INFO]   0.0% (1.0 MB)
2026-10-03 18:03:22 [INFO]   0.0% (2.0 MB)
2026-10-03 18:03:22 [INFO]   0.0% (2.0 MB)
2026-10-03 18:03:22 [INFO]   0.0% (2.0 MB)
2026-10-03 18:03:22 [INFO]   0.0% (2.0 MB)
2026-10-03 18:03:22 [INFO]   0.0% (2.0 MB)
2026-10-03 18:03:22 [INFO]   0.0% (2.0 MB)
2026-10-03 18:03:22 [INFO]   0.0% (2.0 MB)
2026-10-03 18:03:22 [INFO]   0.0% (2.0 MB)
2026-10-03 18:03:22 [INFO]   0.0% (2.0 MB)
2026-10-03 18:03:22 [INFO]   0.0% (2.0 MB)
2026-10-03 18:03:22 [INFO]   0.0% (2.0 MB)
2026-10-03 18:03:22 [INFO]   0.0% (2.0 MB)
2026-10-03 18:03:23 [INFO]   ✓ f50.jpg — 2.53 MB en 5.0s
2026-10-03 18:03:23 [INFO]   ⏸  Pausa 14.6s...
2026-10-03 18:03:38 [INFO] [33/122] f51
2026-10-03 18:03:40 [INFO]   0.0% (0.0 MB)
2026-10-03 18:03:40 [INFO]   0.0% (0.0 MB)
2026-10-03 18:03:40 [INFO]   0.0% (0.0 MB)
2026-10-03 18:03:40 [INFO]   0.0% (0.0 MB)
2026-10-03 18:03:40 [INFO]   0.0% (0.0 MB)
2026-10-03 18:03:40 [INFO]   0.0% (0.0 MB)
2026-10-03 18:03:40 [INFO]   0.0% (0.0 MB)
2026-10-03 18:03:41 [INFO]   0.0% (0.0 MB)
2026-10-03 18:03:41 [INFO]   0.0% (0.0 MB)
2026-10-03 18:03:41 [INFO]   0.0% (0.0 MB)
2026-10-03 18:03:41 [INFO]   0.0% (0.0 MB)
2026-10-03 18:03:43 [INFO]   0.0% (1.0 MB)
2026-10-03 18:03:43 [INFO]   0.0% (1.0 MB)
2026-10-03 18:03:43 [INFO]   0.0% (1.0 MB)
2026-10-03 18:03:43 [INFO]   0.0% (1.0 MB)
2026-10-03 18:03:43 [INFO]   0.0% (1.0 MB)
2026-10-03 18:03:43 [INFO]   0.0% (1.0 MB)
2026-10-03 18:03:43 [INFO]   0.0% (1.0 MB)
2026-10-03 18:03:43 [INFO]   0.0% (1.0 MB)
2026-10-03 18:03:43 [INFO]   0.0% (1.0 MB)
2026-10-03 18:03:43 [INFO]   0.0% (1.0 MB)
2026-10-03 18:03:43 [INFO]   0.0% (1.0 MB)
2026-10-03 18:03:43 [INFO]   0.0% (1.0 MB)
2026-10-03 18:03:44 [INFO]   0.0% (2.0 MB)
2026-10-03 18:03:44 [INFO]   0.0% (2.0 MB)
2026-10-03 18:03:44 [INFO]   0.0% (2.0 MB)
2026-10-03 18:03:44 [INFO]   0.0% (2.0 MB)
2026-10-03 18:03:44 [INFO]   0.0% (2.0 MB)
2026-10-03 18:03:44 [INFO]   0.0% (2.0 MB)
2026-10-03 18:03:44 [INFO]   0.0% (2.0 MB)
2026-10-03 18:03:44 [INFO]   0.0% (2.0 MB)
2026-10-03 18:03:44 [INFO]   0.0% (2.0 MB)
2026-10-03 18:03:44 [INFO]   0.0% (2.0 MB)
2026-10-03 18:03:44 [INFO]   0.0% (2.0 MB)
2026-10-03 18:03:44 [INFO]   0.0% (2.0 MB)
2026-10-03 18:03:45 [INFO]   ✓ f51.jpg — 2.88 MB en 5.2s
2026-10-03 18:03:45 [INFO]   ⏸  Pausa 8.3s...
2026-10-03 18:03:54 [INFO] [34/122] f52
2026-10-03 18:03:57 [INFO]   0.0% (0.0 MB)
2026-10-03 18:03:57 [INFO]   0.0% (0.0 MB)
2026-10-03 18:03:57 [INFO]   0.0% (0.0 MB)
2026-10-03 18:03:57 [INFO]   0.0% (0.0 MB)
2026-10-03 18:03:57 [INFO]   0.0% (0.0 MB)
2026-10-03 18:03:57 [INFO]   0.0% (0.0 MB)
2026-10-03 18:03:57 [INFO]   0.0% (0.0 MB)
2026-10-03 18:03:57 [INFO]   0.0% (0.0 MB)
2026-10-03 18:03:57 [INFO]   0.0% (0.0 MB)
2026-10-03 18:03:57 [INFO]   0.0% (0.0 MB)
2026-10-03 18:03:57 [INFO]   0.0% (0.0 MB)
2026-10-03 18:04:00 [INFO]   0.0% (1.0 MB)
2026-10-03 18:04:00 [INFO]   0.0% (1.0 MB)
2026-10-03 18:04:00 [INFO]   0.0% (1.0 MB)
2026-10-03 18:04:00 [INFO]   0.0% (1.0 MB)
2026-10-03 18:04:00 [INFO]   0.0% (1.0 MB)
2026-10-03 18:04:00 [INFO]   0.0% (1.0 MB)
2026-10-03 18:04:00 [INFO]   0.0% (1.0 MB)
2026-10-03 18:04:00 [INFO]   0.0% (1.0 MB)
2026-10-03 18:04:00 [INFO]   0.0% (1.0 MB)
2026-10-03 18:04:00 [INFO]   0.0% (1.0 MB)
2026-10-03 18:04:00 [INFO]   0.0% (1.0 MB)
2026-10-03 18:04:00 [INFO]   0.0% (1.0 MB)
2026-10-03 18:04:02 [INFO]   0.0% (2.0 MB)
2026-10-03 18:04:02 [INFO]   0.0% (2.0 MB)
2026-10-03 18:04:02 [INFO]   0.0% (2.0 MB)
2026-10-03 18:04:02 [INFO]   0.0% (2.0 MB)
2026-10-03 18:04:02 [INFO]   0.0% (2.0 MB)
2026-10-03 18:04:02 [INFO]   0.0% (2.0 MB)
2026-10-03 18:04:02 [INFO]   0.0% (2.0 MB)
2026-10-03 18:04:02 [INFO]   0.0% (2.0 MB)
2026-10-03 18:04:02 [INFO]   0.0% (2.0 MB)
2026-10-03 18:04:02 [INFO]   0.0% (2.0 MB)
2026-10-03 18:04:02 [INFO]   0.0% (2.0 MB)
2026-10-03 18:04:02 [INFO]   0.0% (2.0 MB)
2026-10-03 18:04:03 [INFO]   0.0% (3.0 MB)
2026-10-03 18:04:03 [INFO]   0.0% (3.0 MB)
2026-10-03 18:04:03 [INFO]   0.0% (3.0 MB)
2026-10-03 18:04:03 [INFO]   0.0% (3.0 MB)
2026-10-03 18:04:03 [INFO]   0.0% (3.0 MB)
2026-10-03 18:04:03 [INFO]   0.0% (3.0 MB)
2026-10-03 18:04:03 [INFO]   0.0% (3.0 MB)
2026-10-03 18:04:03 [INFO]   0.0% (3.0 MB)
2026-10-03 18:04:03 [INFO]   0.0% (3.0 MB)
2026-10-03 18:04:03 [INFO]   0.0% (3.0 MB)
2026-10-03 18:04:03 [INFO]   0.0% (3.0 MB)
2026-10-03 18:04:03 [INFO]   ✓ f52.jpg — 3.03 MB en 6.4s
2026-10-03 18:04:03 [INFO]   ⏸  Pausa 13.6s...
2026-10-03 18:04:17 [INFO] [35/122] f53
2026-10-03 18:04:20 [INFO]   0.0% (0.0 MB)
2026-10-03 18:04:20 [INFO]   0.0% (0.0 MB)
2026-10-03 18:04:20 [INFO]   0.0% (0.0 MB)
2026-10-03 18:04:20 [INFO]   0.0% (0.0 MB)
2026-10-03 18:04:20 [INFO]   0.0% (0.0 MB)
2026-10-03 18:04:20 [INFO]   0.0% (0.0 MB)
2026-10-03 18:04:20 [INFO]   0.0% (0.0 MB)
2026-10-03 18:04:20 [INFO]   0.0% (0.0 MB)
2026-10-03 18:04:20 [INFO]   0.0% (0.0 MB)
2026-10-03 18:04:20 [INFO]   0.0% (0.0 MB)
2026-10-03 18:04:20 [INFO]   0.0% (0.0 MB)
2026-10-03 18:04:23 [INFO]   0.0% (1.0 MB)
2026-10-03 18:04:23 [INFO]   0.0% (1.0 MB)
2026-10-03 18:04:23 [INFO]   0.0% (1.0 MB)
2026-10-03 18:04:23 [INFO]   0.0% (1.0 MB)
2026-10-03 18:04:23 [INFO]   0.0% (1.0 MB)
2026-10-03 18:04:23 [INFO]   0.0% (1.0 MB)
2026-10-03 18:04:23 [INFO]   0.0% (1.0 MB)
2026-10-03 18:04:23 [INFO]   0.0% (1.0 MB)
2026-10-03 18:04:23 [INFO]   0.0% (1.0 MB)
2026-10-03 18:04:23 [INFO]   0.0% (1.0 MB)
2026-10-03 18:04:23 [INFO]   0.0% (1.0 MB)
2026-10-03 18:04:23 [INFO]   0.0% (1.0 MB)
2026-10-03 18:04:24 [INFO]   0.0% (2.0 MB)
2026-10-03 18:04:24 [INFO]   0.0% (2.0 MB)
2026-10-03 18:04:24 [INFO]   0.0% (2.0 MB)
2026-10-03 18:04:24 [INFO]   0.0% (2.0 MB)
2026-10-03 18:04:24 [INFO]   0.0% (2.0 MB)
2026-10-03 18:04:24 [INFO]   0.0% (2.0 MB)
2026-10-03 18:04:24 [INFO]   0.0% (2.0 MB)
2026-10-03 18:04:24 [INFO]   0.0% (2.0 MB)
2026-10-03 18:04:24 [INFO]   0.0% (2.0 MB)
2026-10-03 18:04:24 [INFO]   0.0% (2.0 MB)
2026-10-03 18:04:24 [INFO]   0.0% (2.0 MB)
2026-10-03 18:04:24 [INFO]   0.0% (2.0 MB)
2026-10-03 18:04:26 [INFO]   0.0% (3.0 MB)
2026-10-03 18:04:26 [INFO]   0.0% (3.0 MB)
2026-10-03 18:04:26 [INFO]   0.0% (3.0 MB)
2026-10-03 18:04:26 [INFO]   0.0% (3.0 MB)
2026-10-03 18:04:26 [INFO]   0.0% (3.0 MB)
2026-10-03 18:04:26 [INFO]   0.0% (3.0 MB)
2026-10-03 18:04:26 [INFO]   0.0% (3.0 MB)
2026-10-03 18:04:26 [INFO]   0.0% (3.0 MB)
2026-10-03 18:04:26 [INFO]   0.0% (3.0 MB)
2026-10-03 18:04:26 [INFO]   0.0% (3.0 MB)
2026-10-03 18:04:26 [INFO]   0.0% (3.0 MB)
2026-10-03 18:04:26 [INFO]   0.0% (3.0 MB)
2026-10-03 18:04:26 [INFO]   ✓ f53.jpg — 3.30 MB en 6.5s
2026-10-03 18:04:26 [INFO]   ⏸  Pausa 9.5s...
2026-10-03 18:04:36 [INFO] [36/122] f54
2026-10-03 18:04:43 [INFO]   0.0% (0.0 MB)
2026-10-03 18:04:43 [INFO]   0.0% (0.0 MB)
2026-10-03 18:04:43 [INFO]   0.0% (0.0 MB)
2026-10-03 18:04:43 [INFO]   0.0% (0.0 MB)
2026-10-03 18:04:43 [INFO]   0.0% (0.0 MB)
2026-10-03 18:04:43 [INFO]   0.0% (0.0 MB)
2026-10-03 18:04:43 [INFO]   0.0% (0.0 MB)
2026-10-03 18:04:43 [INFO]   0.0% (0.0 MB)
2026-10-03 18:04:43 [INFO]   0.0% (0.0 MB)
2026-10-03 18:04:43 [INFO]   0.0% (0.0 MB)
2026-10-03 18:04:44 [INFO]   0.0% (0.0 MB)
2026-10-03 18:04:46 [INFO]   0.0% (1.0 MB)
2026-10-03 18:04:46 [INFO]   0.0% (1.0 MB)
2026-10-03 18:04:46 [INFO]   0.0% (1.0 MB)
2026-10-03 18:04:46 [INFO]   0.0% (1.0 MB)
2026-10-03 18:04:46 [INFO]   0.0% (1.0 MB)
2026-10-03 18:04:46 [INFO]   0.0% (1.0 MB)
2026-10-03 18:04:46 [INFO]   0.0% (1.0 MB)
2026-10-03 18:04:46 [INFO]   0.0% (1.0 MB)
2026-10-03 18:04:46 [INFO]   0.0% (1.0 MB)
2026-10-03 18:04:46 [INFO]   0.0% (1.0 MB)
2026-10-03 18:04:46 [INFO]   0.0% (1.0 MB)
2026-10-03 18:04:46 [INFO]   0.0% (1.0 MB)
2026-10-03 18:04:47 [INFO]   0.0% (2.0 MB)
2026-10-03 18:04:47 [INFO]   0.0% (2.0 MB)
2026-10-03 18:04:47 [INFO]   0.0% (2.0 MB)
2026-10-03 18:04:47 [INFO]   0.0% (2.0 MB)
2026-10-03 18:04:47 [INFO]   0.0% (2.0 MB)
2026-10-03 18:04:47 [INFO]   0.0% (2.0 MB)
2026-10-03 18:04:47 [INFO]   0.0% (2.0 MB)
2026-10-03 18:04:47 [INFO]   0.0% (2.0 MB)
2026-10-03 18:04:47 [INFO]   0.0% (2.0 MB)
2026-10-03 18:04:47 [INFO]   0.0% (2.0 MB)
2026-10-03 18:04:47 [INFO]   0.0% (2.0 MB)
2026-10-03 18:04:47 [INFO]   0.0% (2.0 MB)
2026-10-03 18:04:48 [INFO]   ✓ f54.jpg — 2.79 MB en 5.1s
2026-10-03 18:04:48 [INFO]   ⏸  Pausa 8.3s...
2026-10-03 18:04:57 [INFO] [37/122] f55
2026-10-03 18:04:59 [INFO]   0.0% (0.0 MB)
2026-10-03 18:05:00 [INFO]   0.0% (0.0 MB)
2026-10-03 18:05:00 [INFO]   0.0% (0.0 MB)
2026-10-03 18:05:00 [INFO]   0.0% (0.0 MB)
2026-10-03 18:05:00 [INFO]   0.0% (0.0 MB)
2026-10-03 18:05:00 [INFO]   0.0% (0.0 MB)
2026-10-03 18:05:00 [INFO]   0.0% (0.0 MB)
2026-10-03 18:05:00 [INFO]   0.0% (0.0 MB)
2026-10-03 18:05:00 [INFO]   0.0% (0.0 MB)
2026-10-03 18:05:00 [INFO]   0.0% (0.0 MB)
2026-10-03 18:05:00 [INFO]   0.0% (0.0 MB)
2026-10-03 18:05:02 [INFO]   0.0% (1.0 MB)
2026-10-03 18:05:02 [INFO]   0.0% (1.0 MB)
2026-10-03 18:05:02 [INFO]   0.0% (1.0 MB)
2026-10-03 18:05:02 [INFO]   0.0% (1.0 MB)
2026-10-03 18:05:02 [INFO]   0.0% (1.0 MB)
2026-10-03 18:05:02 [INFO]   0.0% (1.0 MB)
2026-10-03 18:05:02 [INFO]   0.0% (1.0 MB)
2026-10-03 18:05:02 [INFO]   0.0% (1.0 MB)
2026-10-03 18:05:02 [INFO]   0.0% (1.0 MB)
2026-10-03 18:05:02 [INFO]   0.0% (1.0 MB)
2026-10-03 18:05:02 [INFO]   0.0% (1.0 MB)
2026-10-03 18:05:02 [INFO]   0.0% (1.0 MB)
2026-10-03 18:05:03 [INFO]   0.0% (2.0 MB)
2026-10-03 18:05:03 [INFO]   0.0% (2.0 MB)
2026-10-03 18:05:03 [INFO]   0.0% (2.0 MB)
2026-10-03 18:05:03 [INFO]   0.0% (2.0 MB)
2026-10-03 18:05:03 [INFO]   0.0% (2.0 MB)
2026-10-03 18:05:03 [INFO]   0.0% (2.0 MB)
2026-10-03 18:05:03 [INFO]   0.0% (2.0 MB)
2026-10-03 18:05:03 [INFO]   0.0% (2.0 MB)
2026-10-03 18:05:03 [INFO]   0.0% (2.0 MB)
2026-10-03 18:05:03 [INFO]   0.0% (2.0 MB)
2026-10-03 18:05:03 [INFO]   0.0% (2.0 MB)
2026-10-03 18:05:03 [INFO]   0.0% (2.0 MB)
2026-10-03 18:05:05 [INFO]   0.0% (3.0 MB)
2026-10-03 18:05:05 [INFO]   0.0% (3.0 MB)
2026-10-03 18:05:05 [INFO]   0.0% (3.0 MB)
2026-10-03 18:05:05 [INFO]   0.0% (3.0 MB)
2026-10-03 18:05:05 [INFO]   0.0% (3.0 MB)
2026-10-03 18:05:05 [INFO]   0.0% (3.0 MB)
2026-10-03 18:05:05 [INFO]   0.0% (3.0 MB)
2026-10-03 18:05:05 [INFO]   0.0% (3.0 MB)
2026-10-03 18:05:05 [INFO]   0.0% (3.0 MB)
2026-10-03 18:05:05 [INFO]   0.0% (3.0 MB)
2026-10-03 18:05:05 [INFO]   0.0% (3.0 MB)
2026-10-03 18:05:05 [INFO]   0.0% (3.0 MB)
2026-10-03 18:05:05 [INFO]   ✓ f55.jpg — 3.03 MB en 5.3s
2026-10-03 18:05:05 [INFO]   ⏸  Pausa 17.8s...
2026-10-03 18:05:22 [INFO] [38/122] f56
2026-10-03 18:05:27 [INFO]   0.0% (0.0 MB)
2026-10-03 18:05:28 [INFO]   0.0% (0.0 MB)
2026-10-03 18:05:28 [INFO]   0.0% (0.0 MB)
2026-10-03 18:05:28 [INFO]   0.0% (0.0 MB)
2026-10-03 18:05:28 [INFO]   0.0% (0.0 MB)
2026-10-03 18:05:28 [INFO]   0.0% (0.0 MB)
2026-10-03 18:05:28 [INFO]   0.0% (0.0 MB)
2026-10-03 18:05:28 [INFO]   0.0% (0.0 MB)
2026-10-03 18:05:28 [INFO]   0.0% (0.0 MB)
2026-10-03 18:05:28 [INFO]   0.0% (0.0 MB)
2026-10-03 18:05:28 [INFO]   0.0% (0.0 MB)
2026-10-03 18:05:31 [INFO]   0.0% (1.0 MB)
2026-10-03 18:05:31 [INFO]   0.0% (1.0 MB)
2026-10-03 18:05:31 [INFO]   0.0% (1.0 MB)
2026-10-03 18:05:31 [INFO]   0.0% (1.0 MB)
2026-10-03 18:05:31 [INFO]   0.0% (1.0 MB)
2026-10-03 18:05:31 [INFO]   0.0% (1.0 MB)
2026-10-03 18:05:31 [INFO]   0.0% (1.0 MB)
2026-10-03 18:05:31 [INFO]   0.0% (1.0 MB)
2026-10-03 18:05:31 [INFO]   0.0% (1.0 MB)
2026-10-03 18:05:31 [INFO]   0.0% (1.0 MB)
2026-10-03 18:05:31 [INFO]   0.0% (1.0 MB)
2026-10-03 18:05:31 [INFO]   0.0% (1.0 MB)
2026-10-03 18:05:32 [INFO]   0.0% (2.0 MB)
2026-10-03 18:05:32 [INFO]   0.0% (2.0 MB)
2026-10-03 18:05:32 [INFO]   0.0% (2.0 MB)
2026-10-03 18:05:32 [INFO]   0.0% (2.0 MB)
2026-10-03 18:05:32 [INFO]   0.0% (2.0 MB)
2026-10-03 18:05:32 [INFO]   0.0% (2.0 MB)
2026-10-03 18:05:32 [INFO]   0.0% (2.0 MB)
2026-10-03 18:05:32 [INFO]   0.0% (2.0 MB)
2026-10-03 18:05:32 [INFO]   0.0% (2.0 MB)
2026-10-03 18:05:32 [INFO]   0.0% (2.0 MB)
2026-10-03 18:05:32 [INFO]   0.0% (2.0 MB)
2026-10-03 18:05:32 [INFO]   0.0% (2.0 MB)
2026-10-03 18:05:34 [INFO]   0.0% (3.0 MB)
2026-10-03 18:05:34 [INFO]   0.0% (3.0 MB)
2026-10-03 18:05:34 [INFO]   0.0% (3.0 MB)
2026-10-03 18:05:34 [INFO]   0.0% (3.0 MB)
2026-10-03 18:05:34 [INFO]   0.0% (3.0 MB)
2026-10-03 18:05:34 [INFO]   0.0% (3.0 MB)
2026-10-03 18:05:34 [INFO]   0.0% (3.0 MB)
2026-10-03 18:05:34 [INFO]   0.0% (3.0 MB)
2026-10-03 18:05:34 [INFO]   ✓ f56.jpg — 3.02 MB en 6.1s
2026-10-03 18:05:34 [INFO]   ⏸  Pausa 8.3s...
2026-10-03 18:05:42 [INFO] [39/122] f57
2026-10-03 18:05:45 [INFO]   0.0% (0.0 MB)
2026-10-03 18:05:46 [INFO]   0.0% (0.0 MB)
2026-10-03 18:05:46 [INFO]   0.0% (0.0 MB)
2026-10-03 18:05:46 [INFO]   0.0% (0.0 MB)
2026-10-03 18:05:46 [INFO]   0.0% (0.0 MB)
2026-10-03 18:05:46 [INFO]   0.0% (0.0 MB)
2026-10-03 18:05:46 [INFO]   0.0% (0.0 MB)
2026-10-03 18:05:46 [INFO]   0.0% (0.0 MB)
2026-10-03 18:05:46 [INFO]   0.0% (0.0 MB)
2026-10-03 18:05:46 [INFO]   0.0% (0.0 MB)
2026-10-03 18:05:46 [INFO]   0.0% (0.0 MB)
2026-10-03 18:05:48 [INFO]   0.0% (1.0 MB)
2026-10-03 18:05:48 [INFO]   0.0% (1.0 MB)
2026-10-03 18:05:48 [INFO]   0.0% (1.0 MB)
2026-10-03 18:05:48 [INFO]   0.0% (1.0 MB)
2026-10-03 18:05:48 [INFO]   0.0% (1.0 MB)
2026-10-03 18:05:48 [INFO]   0.0% (1.0 MB)
2026-10-03 18:05:48 [INFO]   0.0% (1.0 MB)
2026-10-03 18:05:48 [INFO]   0.0% (1.0 MB)
2026-10-03 18:05:48 [INFO]   0.0% (1.0 MB)
2026-10-03 18:05:48 [INFO]   0.0% (1.0 MB)
2026-10-03 18:05:48 [INFO]   0.0% (1.0 MB)
2026-10-03 18:05:48 [INFO]   0.0% (1.0 MB)
2026-10-03 18:05:49 [INFO]   0.0% (2.0 MB)
2026-10-03 18:05:49 [INFO]   0.0% (2.0 MB)
2026-10-03 18:05:49 [INFO]   0.0% (2.0 MB)
2026-10-03 18:05:49 [INFO]   0.0% (2.0 MB)
2026-10-03 18:05:49 [INFO]   0.0% (2.0 MB)
2026-10-03 18:05:49 [INFO]   0.0% (2.0 MB)
2026-10-03 18:05:49 [INFO]   0.0% (2.0 MB)
2026-10-03 18:05:49 [INFO]   0.0% (2.0 MB)
2026-10-03 18:05:49 [INFO]   0.0% (2.0 MB)
2026-10-03 18:05:49 [INFO]   0.0% (2.0 MB)
2026-10-03 18:05:49 [INFO]   0.0% (2.0 MB)
2026-10-03 18:05:49 [INFO]   0.0% (2.0 MB)
2026-10-03 18:05:51 [INFO]   0.0% (3.0 MB)
2026-10-03 18:05:51 [INFO]   0.0% (3.0 MB)
2026-10-03 18:05:51 [INFO]   0.0% (3.0 MB)
2026-10-03 18:05:51 [INFO]   0.0% (3.0 MB)
2026-10-03 18:05:51 [INFO]   0.0% (3.0 MB)
2026-10-03 18:05:51 [INFO]   0.0% (3.0 MB)
2026-10-03 18:05:51 [INFO]   0.0% (3.0 MB)
2026-10-03 18:05:51 [INFO]   0.0% (3.0 MB)
2026-10-03 18:05:51 [INFO]   0.0% (3.0 MB)
2026-10-03 18:05:51 [INFO]   0.0% (3.0 MB)
2026-10-03 18:05:51 [INFO]   0.0% (3.0 MB)
2026-10-03 18:05:51 [INFO]   0.0% (3.0 MB)
2026-10-03 18:05:51 [INFO]   ✓ f57.jpg — 3.16 MB en 5.6s
2026-10-03 18:05:51 [INFO]   ⏸  Pausa 10.8s...
2026-10-03 18:06:02 [INFO] [40/122] f58
2026-10-03 18:06:06 [INFO]   0.0% (0.0 MB)
2026-10-03 18:06:06 [INFO]   0.0% (0.0 MB)
2026-10-03 18:06:06 [INFO]   0.0% (0.0 MB)
2026-10-03 18:06:06 [INFO]   0.0% (0.0 MB)
2026-10-03 18:06:06 [INFO]   0.0% (0.0 MB)
2026-10-03 18:06:06 [INFO]   0.0% (0.0 MB)
2026-10-03 18:06:06 [INFO]   0.0% (0.0 MB)
2026-10-03 18:06:06 [INFO]   0.0% (0.0 MB)
2026-10-03 18:06:06 [INFO]   0.0% (0.0 MB)
2026-10-03 18:06:06 [INFO]   0.0% (0.0 MB)
2026-10-03 18:06:06 [INFO]   0.0% (0.0 MB)
2026-10-03 18:06:09 [INFO]   0.0% (1.0 MB)
2026-10-03 18:06:09 [INFO]   0.0% (1.0 MB)
2026-10-03 18:06:09 [INFO]   0.0% (1.0 MB)
2026-10-03 18:06:09 [INFO]   0.0% (1.0 MB)
2026-10-03 18:06:09 [INFO]   0.0% (1.0 MB)
2026-10-03 18:06:09 [INFO]   0.0% (1.0 MB)
2026-10-03 18:06:09 [INFO]   0.0% (1.0 MB)
2026-10-03 18:06:09 [INFO]   0.0% (1.0 MB)
2026-10-03 18:06:09 [INFO]   0.0% (1.0 MB)
2026-10-03 18:06:09 [INFO]   0.0% (1.0 MB)
2026-10-03 18:06:09 [INFO]   0.0% (1.0 MB)
2026-10-03 18:06:09 [INFO]   0.0% (1.0 MB)
2026-10-03 18:06:10 [INFO]   0.0% (2.0 MB)
2026-10-03 18:06:10 [INFO]   0.0% (2.0 MB)
2026-10-03 18:06:10 [INFO]   0.0% (2.0 MB)
2026-10-03 18:06:10 [INFO]   0.0% (2.0 MB)
2026-10-03 18:06:10 [INFO]   0.0% (2.0 MB)
2026-10-03 18:06:10 [INFO]   0.0% (2.0 MB)
2026-10-03 18:06:10 [INFO]   0.0% (2.0 MB)
2026-10-03 18:06:10 [INFO]   0.0% (2.0 MB)
2026-10-03 18:06:10 [INFO]   0.0% (2.0 MB)
2026-10-03 18:06:10 [INFO]   0.0% (2.0 MB)
2026-10-03 18:06:10 [INFO]   0.0% (2.0 MB)
2026-10-03 18:06:10 [INFO]   0.0% (2.0 MB)
2026-10-03 18:06:11 [INFO]   ✓ f58.jpg — 2.68 MB en 5.3s
2026-10-03 18:06:11 [INFO]   ⏸  Pausa 15.9s...
2026-10-03 18:06:27 [INFO] [41/122] f59
2026-10-03 18:06:30 [INFO]   0.0% (0.0 MB)
2026-10-03 18:06:30 [INFO]   0.0% (0.0 MB)
2026-10-03 18:06:30 [INFO]   0.0% (0.0 MB)
2026-10-03 18:06:30 [INFO]   0.0% (0.0 MB)
2026-10-03 18:06:30 [INFO]   0.0% (0.0 MB)
2026-10-03 18:06:30 [INFO]   0.0% (0.0 MB)
2026-10-03 18:06:30 [INFO]   0.0% (0.0 MB)
2026-10-03 18:06:30 [INFO]   0.0% (0.0 MB)
2026-10-03 18:06:30 [INFO]   0.0% (0.0 MB)
2026-10-03 18:06:30 [INFO]   0.0% (0.0 MB)
2026-10-03 18:06:30 [INFO]   0.0% (0.0 MB)
2026-10-03 18:06:32 [INFO]   0.0% (1.0 MB)
2026-10-03 18:06:32 [INFO]   0.0% (1.0 MB)
2026-10-03 18:06:32 [INFO]   0.0% (1.0 MB)
2026-10-03 18:06:32 [INFO]   0.0% (1.0 MB)
2026-10-03 18:06:32 [INFO]   0.0% (1.0 MB)
2026-10-03 18:06:32 [INFO]   0.0% (1.0 MB)
2026-10-03 18:06:32 [INFO]   0.0% (1.0 MB)
2026-10-03 18:06:32 [INFO]   0.0% (1.0 MB)
2026-10-03 18:06:32 [INFO]   0.0% (1.0 MB)
2026-10-03 18:06:32 [INFO]   0.0% (1.0 MB)
2026-10-03 18:06:32 [INFO]   0.0% (1.0 MB)
2026-10-03 18:06:32 [INFO]   0.0% (1.0 MB)
2026-10-03 18:06:34 [INFO]   0.0% (2.0 MB)
2026-10-03 18:06:34 [INFO]   0.0% (2.0 MB)
2026-10-03 18:06:34 [INFO]   0.0% (2.0 MB)
2026-10-03 18:06:34 [INFO]   0.0% (2.0 MB)
2026-10-03 18:06:34 [INFO]   0.0% (2.0 MB)
2026-10-03 18:06:34 [INFO]   0.0% (2.0 MB)
2026-10-03 18:06:34 [INFO]   0.0% (2.0 MB)
2026-10-03 18:06:34 [INFO]   0.0% (2.0 MB)
2026-10-03 18:06:34 [INFO]   0.0% (2.0 MB)
2026-10-03 18:06:34 [INFO]   0.0% (2.0 MB)
2026-10-03 18:06:34 [INFO]   0.0% (2.0 MB)
2026-10-03 18:06:34 [INFO]   0.0% (2.0 MB)
2026-10-03 18:06:35 [INFO]   0.0% (3.0 MB)
2026-10-03 18:06:35 [INFO]   0.0% (3.0 MB)
2026-10-03 18:06:35 [INFO]   0.0% (3.0 MB)
2026-10-03 18:06:35 [INFO]   0.0% (3.0 MB)
2026-10-03 18:06:35 [INFO]   0.0% (3.0 MB)
2026-10-03 18:06:35 [INFO]   0.0% (3.0 MB)
2026-10-03 18:06:35 [INFO]   0.0% (3.0 MB)
2026-10-03 18:06:35 [INFO]   0.0% (3.0 MB)
2026-10-03 18:06:35 [INFO]   0.0% (3.0 MB)
2026-10-03 18:06:35 [INFO]   0.0% (3.0 MB)
2026-10-03 18:06:36 [INFO]   0.0% (3.0 MB)
2026-10-03 18:06:36 [INFO]   0.0% (3.0 MB)
2026-10-03 18:06:36 [INFO]   ✓ f59.jpg — 3.15 MB en 6.0s
2026-10-03 18:06:36 [INFO]   ⏸  Pausa 15.7s...
2026-10-03 18:06:51 [INFO] [42/122] f60
2026-10-03 18:06:54 [INFO]   0.0% (0.0 MB)
2026-10-03 18:06:54 [INFO]   0.0% (0.0 MB)
2026-10-03 18:06:54 [INFO]   0.0% (0.0 MB)
2026-10-03 18:06:54 [INFO]   0.0% (0.0 MB)
2026-10-03 18:06:54 [INFO]   0.0% (0.0 MB)
2026-10-03 18:06:54 [INFO]   0.0% (0.0 MB)
2026-10-03 18:06:54 [INFO]   0.0% (0.0 MB)
2026-10-03 18:06:54 [INFO]   0.0% (0.0 MB)
2026-10-03 18:06:54 [INFO]   0.0% (0.0 MB)
2026-10-03 18:06:54 [INFO]   0.0% (0.0 MB)
2026-10-03 18:06:54 [INFO]   0.0% (0.0 MB)
2026-10-03 18:06:56 [INFO]   0.0% (1.0 MB)
2026-10-03 18:06:56 [INFO]   0.0% (1.0 MB)
2026-10-03 18:06:56 [INFO]   0.0% (1.0 MB)
2026-10-03 18:06:56 [INFO]   0.0% (1.0 MB)
2026-10-03 18:06:56 [INFO]   0.0% (1.0 MB)
2026-10-03 18:06:56 [INFO]   0.0% (1.0 MB)
2026-10-03 18:06:56 [INFO]   0.0% (1.0 MB)
2026-10-03 18:06:56 [INFO]   0.0% (1.0 MB)
2026-10-03 18:06:56 [INFO]   0.0% (1.0 MB)
2026-10-03 18:06:56 [INFO]   0.0% (1.0 MB)
2026-10-03 18:06:56 [INFO]   0.0% (1.0 MB)
2026-10-03 18:06:56 [INFO]   0.0% (1.0 MB)
2026-10-03 18:06:58 [INFO]   0.0% (2.0 MB)
2026-10-03 18:06:58 [INFO]   0.0% (2.0 MB)
2026-10-03 18:06:58 [INFO]   0.0% (2.0 MB)
2026-10-03 18:06:58 [INFO]   0.0% (2.0 MB)
2026-10-03 18:06:58 [INFO]   0.0% (2.0 MB)
2026-10-03 18:06:58 [INFO]   0.0% (2.0 MB)
2026-10-03 18:06:58 [INFO]   0.0% (2.0 MB)
2026-10-03 18:06:58 [INFO]   0.0% (2.0 MB)
2026-10-03 18:06:58 [INFO]   0.0% (2.0 MB)
2026-10-03 18:06:58 [INFO]   0.0% (2.0 MB)
2026-10-03 18:06:58 [INFO]   0.0% (2.0 MB)
2026-10-03 18:06:58 [INFO]   0.0% (2.0 MB)
2026-10-03 18:06:59 [INFO]   0.0% (3.0 MB)
2026-10-03 18:06:59 [INFO]   0.0% (3.0 MB)
2026-10-03 18:06:59 [INFO]   ✓ f60.jpg — 3.00 MB en 5.1s
2026-10-03 18:06:59 [INFO]   ⏸  Pausa 14.6s...
2026-10-03 18:07:14 [INFO] [43/122] f61
2026-10-03 18:07:21 [INFO]   0.0% (0.0 MB)
2026-10-03 18:07:22 [INFO]   0.0% (0.0 MB)
2026-10-03 18:07:22 [INFO]   0.0% (0.0 MB)
2026-10-03 18:07:22 [INFO]   0.0% (0.0 MB)
2026-10-03 18:07:22 [INFO]   0.0% (0.0 MB)
2026-10-03 18:07:22 [INFO]   0.0% (0.0 MB)
2026-10-03 18:07:22 [INFO]   0.0% (0.0 MB)
2026-10-03 18:07:22 [INFO]   0.0% (0.0 MB)
2026-10-03 18:07:22 [INFO]   0.0% (0.0 MB)
2026-10-03 18:07:22 [INFO]   0.0% (0.0 MB)
2026-10-03 18:07:22 [INFO]   0.0% (0.0 MB)
2026-10-03 18:07:24 [INFO]   0.0% (1.0 MB)
2026-10-03 18:07:24 [INFO]   0.0% (1.0 MB)
2026-10-03 18:07:24 [INFO]   0.0% (1.0 MB)
2026-10-03 18:07:24 [INFO]   0.0% (1.0 MB)
2026-10-03 18:07:24 [INFO]   0.0% (1.0 MB)
2026-10-03 18:07:24 [INFO]   0.0% (1.0 MB)
2026-10-03 18:07:24 [INFO]   0.0% (1.0 MB)
2026-10-03 18:07:24 [INFO]   0.0% (1.0 MB)
2026-10-03 18:07:24 [INFO]   0.0% (1.0 MB)
2026-10-03 18:07:24 [INFO]   0.0% (1.0 MB)
2026-10-03 18:07:24 [INFO]   0.0% (1.0 MB)
2026-10-03 18:07:24 [INFO]   0.0% (1.0 MB)
2026-10-03 18:07:26 [INFO]   0.0% (2.0 MB)
2026-10-03 18:07:26 [INFO]   0.0% (2.0 MB)
2026-10-03 18:07:26 [INFO]   0.0% (2.0 MB)
2026-10-03 18:07:26 [INFO]   0.0% (2.0 MB)
2026-10-03 18:07:26 [INFO]   0.0% (2.0 MB)
2026-10-03 18:07:26 [INFO]   0.0% (2.0 MB)
2026-10-03 18:07:26 [INFO]   0.0% (2.0 MB)
2026-10-03 18:07:26 [INFO]   0.0% (2.0 MB)
2026-10-03 18:07:26 [INFO]   0.0% (2.0 MB)
2026-10-03 18:07:26 [INFO]   0.0% (2.0 MB)
2026-10-03 18:07:26 [INFO]   0.0% (2.0 MB)
2026-10-03 18:07:26 [INFO]   0.0% (2.0 MB)
2026-10-03 18:07:27 [INFO]   0.0% (3.0 MB)
2026-10-03 18:07:27 [INFO]   0.0% (3.0 MB)
2026-10-03 18:07:27 [INFO]   0.0% (3.0 MB)
2026-10-03 18:07:27 [INFO]   0.0% (3.0 MB)
2026-10-03 18:07:27 [INFO]   0.0% (3.0 MB)
2026-10-03 18:07:27 [INFO]   0.0% (3.0 MB)
2026-10-03 18:07:27 [INFO]   0.0% (3.0 MB)
2026-10-03 18:07:27 [INFO]   0.0% (3.0 MB)
2026-10-03 18:07:27 [INFO]   0.0% (3.0 MB)
2026-10-03 18:07:27 [INFO]   0.0% (3.0 MB)
2026-10-03 18:07:27 [INFO]   0.0% (3.0 MB)
2026-10-03 18:07:27 [INFO]   0.0% (3.0 MB)
2026-10-03 18:07:28 [INFO]   ✓ f61.jpg — 3.20 MB en 6.0s
2026-10-03 18:07:28 [INFO]   ⏸  Pausa 15.7s...
2026-10-03 18:07:43 [INFO] [44/122] f62
2026-10-03 18:07:48 [INFO]   0.0% (0.0 MB)
2026-10-03 18:07:48 [INFO]   0.0% (0.0 MB)
2026-10-03 18:07:48 [INFO]   0.0% (0.0 MB)
2026-10-03 18:07:48 [INFO]   0.0% (0.0 MB)
2026-10-03 18:07:48 [INFO]   0.0% (0.0 MB)
2026-10-03 18:07:48 [INFO]   0.0% (0.0 MB)
2026-10-03 18:07:48 [INFO]   0.0% (0.0 MB)
2026-10-03 18:07:48 [INFO]   0.0% (0.0 MB)
2026-10-03 18:07:48 [INFO]   0.0% (0.0 MB)
2026-10-03 18:07:48 [INFO]   0.0% (0.0 MB)
2026-10-03 18:07:48 [INFO]   0.0% (0.0 MB)
2026-10-03 18:07:51 [INFO]   0.0% (1.0 MB)
2026-10-03 18:07:51 [INFO]   0.0% (1.0 MB)
2026-10-03 18:07:51 [INFO]   0.0% (1.0 MB)
2026-10-03 18:07:51 [INFO]   0.0% (1.0 MB)
2026-10-03 18:07:51 [INFO]   0.0% (1.0 MB)
2026-10-03 18:07:51 [INFO]   0.0% (1.0 MB)
2026-10-03 18:07:51 [INFO]   0.0% (1.0 MB)
2026-10-03 18:07:51 [INFO]   0.0% (1.0 MB)
2026-10-03 18:07:51 [INFO]   0.0% (1.0 MB)
2026-10-03 18:07:51 [INFO]   0.0% (1.0 MB)
2026-10-03 18:07:51 [INFO]   0.0% (1.0 MB)
2026-10-03 18:07:51 [INFO]   0.0% (1.0 MB)
2026-10-03 18:07:53 [INFO]   0.0% (2.0 MB)
2026-10-03 18:07:53 [INFO]   0.0% (2.0 MB)
2026-10-03 18:07:53 [INFO]   0.0% (2.0 MB)
2026-10-03 18:07:53 [INFO]   0.0% (2.0 MB)
2026-10-03 18:07:53 [INFO]   0.0% (2.0 MB)
2026-10-03 18:07:53 [INFO]   0.0% (2.0 MB)
2026-10-03 18:07:53 [INFO]   0.0% (2.0 MB)
2026-10-03 18:07:53 [INFO]   0.0% (2.0 MB)
2026-10-03 18:07:53 [INFO]   0.0% (2.0 MB)
2026-10-03 18:07:53 [INFO]   0.0% (2.0 MB)
2026-10-03 18:07:53 [INFO]   0.0% (2.0 MB)
2026-10-03 18:07:53 [INFO]   0.0% (2.0 MB)
2026-10-03 18:07:54 [INFO]   ✓ f62.jpg — 2.69 MB en 5.7s
2026-10-03 18:07:54 [INFO]   ⏸  Pausa 13.6s...
2026-10-03 18:08:07 [INFO] [45/122] f63
2026-10-03 18:08:12 [INFO]   0.0% (0.0 MB)
2026-10-03 18:08:12 [INFO]   0.0% (0.0 MB)
2026-10-03 18:08:12 [INFO]   0.0% (0.0 MB)
2026-10-03 18:08:12 [INFO]   0.0% (0.0 MB)
2026-10-03 18:08:12 [INFO]   0.0% (0.0 MB)
2026-10-03 18:08:12 [INFO]   0.0% (0.0 MB)
2026-10-03 18:08:12 [INFO]   0.0% (0.0 MB)
2026-10-03 18:08:12 [INFO]   0.0% (0.0 MB)
2026-10-03 18:08:12 [INFO]   0.0% (0.0 MB)
2026-10-03 18:08:12 [INFO]   0.0% (0.0 MB)
2026-10-03 18:08:12 [INFO]   0.0% (0.0 MB)
2026-10-03 18:08:14 [INFO]   0.0% (1.0 MB)
2026-10-03 18:08:14 [INFO]   0.0% (1.0 MB)
2026-10-03 18:08:14 [INFO]   0.0% (1.0 MB)
2026-10-03 18:08:14 [INFO]   0.0% (1.0 MB)
2026-10-03 18:08:14 [INFO]   0.0% (1.0 MB)
2026-10-03 18:08:15 [INFO]   0.0% (1.0 MB)
2026-10-03 18:08:15 [INFO]   0.0% (1.0 MB)
2026-10-03 18:08:15 [INFO]   0.0% (1.0 MB)
2026-10-03 18:08:15 [INFO]   0.0% (1.0 MB)
2026-10-03 18:08:15 [INFO]   0.0% (1.0 MB)
2026-10-03 18:08:15 [INFO]   0.0% (1.0 MB)
2026-10-03 18:08:15 [INFO]   0.0% (1.0 MB)
2026-10-03 18:08:16 [INFO]   0.0% (2.0 MB)
2026-10-03 18:08:16 [INFO]   0.0% (2.0 MB)
2026-10-03 18:08:16 [INFO]   0.0% (2.0 MB)
2026-10-03 18:08:16 [INFO]   0.0% (2.0 MB)
2026-10-03 18:08:16 [INFO]   0.0% (2.0 MB)
2026-10-03 18:08:16 [INFO]   0.0% (2.0 MB)
2026-10-03 18:08:16 [INFO]   0.0% (2.0 MB)
2026-10-03 18:08:16 [INFO]   0.0% (2.0 MB)
2026-10-03 18:08:16 [INFO]   0.0% (2.0 MB)
2026-10-03 18:08:16 [INFO]   0.0% (2.0 MB)
2026-10-03 18:08:16 [INFO]   0.0% (2.0 MB)
2026-10-03 18:08:16 [INFO]   0.0% (2.0 MB)
2026-10-03 18:08:18 [INFO]   0.0% (3.0 MB)
2026-10-03 18:08:18 [INFO]   0.0% (3.0 MB)
2026-10-03 18:08:18 [INFO]   0.0% (3.0 MB)
2026-10-03 18:08:18 [INFO]   0.0% (3.0 MB)
2026-10-03 18:08:18 [INFO]   0.0% (3.0 MB)
2026-10-03 18:08:18 [INFO]   0.0% (3.0 MB)
2026-10-03 18:08:18 [INFO]   0.0% (3.0 MB)
2026-10-03 18:08:18 [INFO]   0.0% (3.0 MB)
2026-10-03 18:08:18 [INFO]   0.0% (3.0 MB)
2026-10-03 18:08:18 [INFO]   0.0% (3.0 MB)
2026-10-03 18:08:18 [INFO]   0.0% (3.0 MB)
2026-10-03 18:08:18 [INFO]   0.0% (3.0 MB)
2026-10-03 18:08:18 [INFO]   ✓ f63.jpg — 3.04 MB en 6.2s
2026-10-03 18:08:18 [INFO]   ⏸  Pausa 15.3s...
2026-10-03 18:08:33 [INFO] [46/122] f64
2026-10-03 18:08:38 [INFO]   0.0% (0.0 MB)
2026-10-03 18:08:38 [INFO]   0.0% (0.0 MB)
2026-10-03 18:08:38 [INFO]   0.0% (0.0 MB)
2026-10-03 18:08:38 [INFO]   0.0% (0.0 MB)
2026-10-03 18:08:38 [INFO]   0.0% (0.0 MB)
2026-10-03 18:08:38 [INFO]   0.0% (0.0 MB)
2026-10-03 18:08:38 [INFO]   0.0% (0.0 MB)
2026-10-03 18:08:38 [INFO]   0.0% (0.0 MB)
2026-10-03 18:08:38 [INFO]   0.0% (0.0 MB)
2026-10-03 18:08:38 [INFO]   0.0% (0.0 MB)
2026-10-03 18:08:38 [INFO]   0.0% (0.0 MB)
2026-10-03 18:08:40 [INFO]   0.0% (1.0 MB)
2026-10-03 18:08:40 [INFO]   0.0% (1.0 MB)
2026-10-03 18:08:40 [INFO]   0.0% (1.0 MB)
2026-10-03 18:08:40 [INFO]   0.0% (1.0 MB)
2026-10-03 18:08:40 [INFO]   0.0% (1.0 MB)
2026-10-03 18:08:40 [INFO]   0.0% (1.0 MB)
2026-10-03 18:08:40 [INFO]   0.0% (1.0 MB)
2026-10-03 18:08:40 [INFO]   0.0% (1.0 MB)
2026-10-03 18:08:40 [INFO]   0.0% (1.0 MB)
2026-10-03 18:08:40 [INFO]   0.0% (1.0 MB)
2026-10-03 18:08:40 [INFO]   0.0% (1.0 MB)
2026-10-03 18:08:40 [INFO]   0.0% (1.0 MB)
2026-10-03 18:08:42 [INFO]   0.0% (2.0 MB)
2026-10-03 18:08:42 [INFO]   0.0% (2.0 MB)
2026-10-03 18:08:42 [INFO]   0.0% (2.0 MB)
2026-10-03 18:08:42 [INFO]   0.0% (2.0 MB)
2026-10-03 18:08:42 [INFO]   0.0% (2.0 MB)
2026-10-03 18:08:42 [INFO]   0.0% (2.0 MB)
2026-10-03 18:08:42 [INFO]   0.0% (2.0 MB)
2026-10-03 18:08:42 [INFO]   0.0% (2.0 MB)
2026-10-03 18:08:42 [INFO]   0.0% (2.0 MB)
2026-10-03 18:08:42 [INFO]   0.0% (2.0 MB)
2026-10-03 18:08:42 [INFO]   0.0% (2.0 MB)
2026-10-03 18:08:42 [INFO]   0.0% (2.0 MB)
2026-10-03 18:08:43 [INFO]   ✓ f64.jpg — 2.89 MB en 5.9s
2026-10-03 18:08:43 [INFO]   ⏸  Pausa 10.1s...
2026-10-03 18:08:54 [INFO] [47/122] f65
2026-10-03 18:09:09 [INFO]   0.0% (0.0 MB)
2026-10-03 18:09:09 [INFO]   0.0% (0.0 MB)
2026-10-03 18:09:09 [INFO]   0.0% (0.0 MB)
2026-10-03 18:09:09 [INFO]   0.0% (0.0 MB)
2026-10-03 18:09:09 [INFO]   0.0% (0.0 MB)
2026-10-03 18:09:09 [INFO]   0.0% (0.0 MB)
2026-10-03 18:09:09 [INFO]   0.0% (0.0 MB)
2026-10-03 18:09:09 [INFO]   0.0% (0.0 MB)
2026-10-03 18:09:09 [INFO]   0.0% (0.0 MB)
2026-10-03 18:09:09 [INFO]   0.0% (0.0 MB)
2026-10-03 18:09:10 [INFO]   0.0% (0.0 MB)
2026-10-03 18:09:12 [INFO]   0.0% (1.0 MB)
2026-10-03 18:09:12 [INFO]   0.0% (1.0 MB)
2026-10-03 18:09:12 [INFO]   0.0% (1.0 MB)
2026-10-03 18:09:12 [INFO]   0.0% (1.0 MB)
2026-10-03 18:09:12 [INFO]   0.0% (1.0 MB)
2026-10-03 18:09:12 [INFO]   0.0% (1.0 MB)
2026-10-03 18:09:12 [INFO]   0.0% (1.0 MB)
2026-10-03 18:09:12 [INFO]   0.0% (1.0 MB)
2026-10-03 18:09:12 [INFO]   0.0% (1.0 MB)
2026-10-03 18:09:12 [INFO]   0.0% (1.0 MB)
2026-10-03 18:09:12 [INFO]   0.0% (1.0 MB)
2026-10-03 18:09:12 [INFO]   0.0% (1.0 MB)
2026-10-03 18:09:14 [INFO]   0.0% (2.0 MB)
2026-10-03 18:09:14 [INFO]   0.0% (2.0 MB)
2026-10-03 18:09:14 [INFO]   0.0% (2.0 MB)
2026-10-03 18:09:14 [INFO]   0.0% (2.0 MB)
2026-10-03 18:09:14 [INFO]   0.0% (2.0 MB)
2026-10-03 18:09:14 [INFO]   0.0% (2.0 MB)
2026-10-03 18:09:14 [INFO]   0.0% (2.0 MB)
2026-10-03 18:09:14 [INFO]   0.0% (2.0 MB)
2026-10-03 18:09:14 [INFO]   0.0% (2.0 MB)
2026-10-03 18:09:14 [INFO]   0.0% (2.0 MB)
2026-10-03 18:09:14 [INFO]   0.0% (2.0 MB)
2026-10-03 18:09:14 [INFO]   0.0% (2.0 MB)
2026-10-03 18:09:15 [INFO]   0.0% (3.0 MB)
2026-10-03 18:09:15 [INFO]   0.0% (3.0 MB)
2026-10-03 18:09:15 [INFO]   0.0% (3.0 MB)
2026-10-03 18:09:15 [INFO]   0.0% (3.0 MB)
2026-10-03 18:09:15 [INFO]   0.0% (3.0 MB)
2026-10-03 18:09:15 [INFO]   0.0% (3.0 MB)
2026-10-03 18:09:15 [INFO]   0.0% (3.0 MB)
2026-10-03 18:09:15 [INFO]   0.0% (3.0 MB)
2026-10-03 18:09:15 [INFO]   0.0% (3.0 MB)
2026-10-03 18:09:15 [INFO]   0.0% (3.0 MB)
2026-10-03 18:09:15 [INFO]   0.0% (3.0 MB)
2026-10-03 18:09:15 [INFO]   0.0% (3.0 MB)
2026-10-03 18:09:16 [INFO]   ✓ f65.jpg — 3.19 MB en 6.4s
2026-10-03 18:09:16 [INFO]   ⏸  Pausa 10.4s...
2026-10-03 18:09:26 [INFO] [48/122] f66
2026-10-03 18:09:29 [INFO]   0.0% (0.0 MB)
2026-10-03 18:09:29 [INFO]   0.0% (0.0 MB)
2026-10-03 18:09:29 [INFO]   0.0% (0.0 MB)
2026-10-03 18:09:29 [INFO]   0.0% (0.0 MB)
2026-10-03 18:09:29 [INFO]   0.0% (0.0 MB)
2026-10-03 18:09:29 [INFO]   0.0% (0.0 MB)
2026-10-03 18:09:29 [INFO]   0.0% (0.0 MB)
2026-10-03 18:09:29 [INFO]   0.0% (0.0 MB)
2026-10-03 18:09:29 [INFO]   0.0% (0.0 MB)
2026-10-03 18:09:29 [INFO]   0.0% (0.0 MB)
2026-10-03 18:09:29 [INFO]   0.0% (0.0 MB)
2026-10-03 18:09:32 [INFO]   0.0% (1.0 MB)
2026-10-03 18:09:32 [INFO]   0.0% (1.0 MB)
2026-10-03 18:09:32 [INFO]   0.0% (1.0 MB)
2026-10-03 18:09:32 [INFO]   0.0% (1.0 MB)
2026-10-03 18:09:32 [INFO]   0.0% (1.0 MB)
2026-10-03 18:09:32 [INFO]   0.0% (1.0 MB)
2026-10-03 18:09:32 [INFO]   0.0% (1.0 MB)
2026-10-03 18:09:32 [INFO]   0.0% (1.0 MB)
2026-10-03 18:09:32 [INFO]   0.0% (1.0 MB)
2026-10-03 18:09:32 [INFO]   0.0% (1.0 MB)
2026-10-03 18:09:32 [INFO]   0.0% (1.0 MB)
2026-10-03 18:09:32 [INFO]   0.0% (1.0 MB)
2026-10-03 18:09:33 [INFO]   0.0% (2.0 MB)
2026-10-03 18:09:33 [INFO]   0.0% (2.0 MB)
2026-10-03 18:09:33 [INFO]   0.0% (2.0 MB)
2026-10-03 18:09:33 [INFO]   0.0% (2.0 MB)
2026-10-03 18:09:33 [INFO]   0.0% (2.0 MB)
2026-10-03 18:09:33 [INFO]   0.0% (2.0 MB)
2026-10-03 18:09:33 [INFO]   0.0% (2.0 MB)
2026-10-03 18:09:33 [INFO]   0.0% (2.0 MB)
2026-10-03 18:09:33 [INFO]   0.0% (2.0 MB)
2026-10-03 18:09:33 [INFO]   0.0% (2.0 MB)
2026-10-03 18:09:33 [INFO]   0.0% (2.0 MB)
2026-10-03 18:09:33 [INFO]   0.0% (2.0 MB)
2026-10-03 18:09:35 [INFO]   ✓ f66.jpg — 2.78 MB en 5.9s
2026-10-03 18:09:35 [INFO]   ⏸  Pausa 15.8s...
2026-10-03 18:09:51 [INFO] [49/122] f67
2026-10-03 18:09:59 [INFO]   0.0% (0.0 MB)
2026-10-03 18:09:59 [INFO]   0.0% (0.0 MB)
2026-10-03 18:09:59 [INFO]   0.0% (0.0 MB)
2026-10-03 18:09:59 [INFO]   0.0% (0.0 MB)
2026-10-03 18:09:59 [INFO]   0.0% (0.0 MB)
2026-10-03 18:09:59 [INFO]   0.0% (0.0 MB)
2026-10-03 18:09:59 [INFO]   0.0% (0.0 MB)
2026-10-03 18:09:59 [INFO]   0.0% (0.0 MB)
2026-10-03 18:09:59 [INFO]   0.0% (0.0 MB)
2026-10-03 18:09:59 [INFO]   0.0% (0.0 MB)
2026-10-03 18:10:00 [INFO]   0.0% (0.0 MB)
2026-10-03 18:10:02 [INFO]   0.0% (1.0 MB)
2026-10-03 18:10:02 [INFO]   0.0% (1.0 MB)
2026-10-03 18:10:02 [INFO]   0.0% (1.0 MB)
2026-10-03 18:10:02 [INFO]   0.0% (1.0 MB)
2026-10-03 18:10:02 [INFO]   0.0% (1.0 MB)
2026-10-03 18:10:02 [INFO]   0.0% (1.0 MB)
2026-10-03 18:10:02 [INFO]   0.0% (1.0 MB)
2026-10-03 18:10:02 [INFO]   0.0% (1.0 MB)
2026-10-03 18:10:02 [INFO]   0.0% (1.0 MB)
2026-10-03 18:10:02 [INFO]   0.0% (1.0 MB)
2026-10-03 18:10:02 [INFO]   0.0% (1.0 MB)
2026-10-03 18:10:02 [INFO]   0.0% (1.0 MB)
2026-10-03 18:10:04 [INFO]   0.0% (2.0 MB)
2026-10-03 18:10:04 [INFO]   0.0% (2.0 MB)
2026-10-03 18:10:04 [INFO]   0.0% (2.0 MB)
2026-10-03 18:10:04 [INFO]   0.0% (2.0 MB)
2026-10-03 18:10:04 [INFO]   0.0% (2.0 MB)
2026-10-03 18:10:04 [INFO]   0.0% (2.0 MB)
2026-10-03 18:10:04 [INFO]   0.0% (2.0 MB)
2026-10-03 18:10:04 [INFO]   0.0% (2.0 MB)
2026-10-03 18:10:04 [INFO]   0.0% (2.0 MB)
2026-10-03 18:10:04 [INFO]   0.0% (2.0 MB)
2026-10-03 18:10:04 [INFO]   0.0% (2.0 MB)
2026-10-03 18:10:04 [INFO]   0.0% (2.0 MB)
2026-10-03 18:10:05 [INFO]   ✓ f67.jpg — 2.94 MB en 6.1s
2026-10-03 18:10:05 [INFO]   ⏸  Pausa 19.3s...
2026-10-03 18:10:25 [INFO] [50/122] f68
2026-10-03 18:10:30 [INFO]   0.0% (0.0 MB)
2026-10-03 18:10:30 [INFO]   0.0% (0.0 MB)
2026-10-03 18:10:30 [INFO]   0.0% (0.0 MB)
2026-10-03 18:10:30 [INFO]   0.0% (0.0 MB)
2026-10-03 18:10:30 [INFO]   0.0% (0.0 MB)
2026-10-03 18:10:30 [INFO]   0.0% (0.0 MB)
2026-10-03 18:10:30 [INFO]   0.0% (0.0 MB)
2026-10-03 18:10:30 [INFO]   0.0% (0.0 MB)
2026-10-03 18:10:30 [INFO]   0.0% (0.0 MB)
2026-10-03 18:10:30 [INFO]   0.0% (0.0 MB)
2026-10-03 18:10:30 [INFO]   0.0% (0.0 MB)
2026-10-03 18:10:33 [INFO]   0.0% (1.0 MB)
2026-10-03 18:10:33 [INFO]   0.0% (1.0 MB)
2026-10-03 18:10:33 [INFO]   0.0% (1.0 MB)
2026-10-03 18:10:33 [INFO]   0.0% (1.0 MB)
2026-10-03 18:10:33 [INFO]   0.0% (1.0 MB)
2026-10-03 18:10:33 [INFO]   0.0% (1.0 MB)
2026-10-03 18:10:33 [INFO]   0.0% (1.0 MB)
2026-10-03 18:10:33 [INFO]   0.0% (1.0 MB)
2026-10-03 18:10:33 [INFO]   0.0% (1.0 MB)
2026-10-03 18:10:33 [INFO]   0.0% (1.0 MB)
2026-10-03 18:10:33 [INFO]   0.0% (1.0 MB)
2026-10-03 18:10:33 [INFO]   0.0% (1.0 MB)
2026-10-03 18:10:35 [INFO]   0.0% (2.0 MB)
2026-10-03 18:10:35 [INFO]   0.0% (2.0 MB)
2026-10-03 18:10:35 [INFO]   0.0% (2.0 MB)
2026-10-03 18:10:35 [INFO]   0.0% (2.0 MB)
2026-10-03 18:10:35 [INFO]   0.0% (2.0 MB)
2026-10-03 18:10:35 [INFO]   0.0% (2.0 MB)
2026-10-03 18:10:35 [INFO]   0.0% (2.0 MB)
2026-10-03 18:10:35 [INFO]   0.0% (2.0 MB)
2026-10-03 18:10:35 [INFO]   0.0% (2.0 MB)
2026-10-03 18:10:35 [INFO]   0.0% (2.0 MB)
2026-10-03 18:10:35 [INFO]   0.0% (2.0 MB)
2026-10-03 18:10:35 [INFO]   0.0% (2.0 MB)
2026-10-03 18:10:36 [INFO]   ✓ f68.jpg — 2.70 MB en 6.2s
2026-10-03 18:10:36 [INFO]   ⏸  Pausa 11.5s...
2026-10-03 18:10:47 [INFO] [51/122] f69
2026-10-03 18:10:51 [INFO]   0.0% (0.0 MB)
2026-10-03 18:10:52 [INFO]   0.0% (0.0 MB)
2026-10-03 18:10:52 [INFO]   0.0% (0.0 MB)
2026-10-03 18:10:52 [INFO]   0.0% (0.0 MB)
2026-10-03 18:10:52 [INFO]   0.0% (0.0 MB)
2026-10-03 18:10:52 [INFO]   0.0% (0.0 MB)
2026-10-03 18:10:52 [INFO]   0.0% (0.0 MB)
2026-10-03 18:10:52 [INFO]   0.0% (0.0 MB)
2026-10-03 18:10:52 [INFO]   0.0% (0.0 MB)
2026-10-03 18:10:52 [INFO]   0.0% (0.0 MB)
2026-10-03 18:10:52 [INFO]   0.0% (0.0 MB)
2026-10-03 18:10:54 [INFO]   0.0% (1.0 MB)
2026-10-03 18:10:54 [INFO]   0.0% (1.0 MB)
2026-10-03 18:10:54 [INFO]   0.0% (1.0 MB)
2026-10-03 18:10:54 [INFO]   0.0% (1.0 MB)
2026-10-03 18:10:54 [INFO]   0.0% (1.0 MB)
2026-10-03 18:10:54 [INFO]   0.0% (1.0 MB)
2026-10-03 18:10:54 [INFO]   0.0% (1.0 MB)
2026-10-03 18:10:54 [INFO]   0.0% (1.0 MB)
2026-10-03 18:10:54 [INFO]   0.0% (1.0 MB)
2026-10-03 18:10:54 [INFO]   0.0% (1.0 MB)
2026-10-03 18:10:54 [INFO]   0.0% (1.0 MB)
2026-10-03 18:10:54 [INFO]   0.0% (1.0 MB)
2026-10-03 18:10:56 [INFO]   0.0% (2.0 MB)
2026-10-03 18:10:56 [INFO]   0.0% (2.0 MB)
2026-10-03 18:10:56 [INFO]   0.0% (2.0 MB)
2026-10-03 18:10:56 [INFO]   0.0% (2.0 MB)
2026-10-03 18:10:56 [INFO]   0.0% (2.0 MB)
2026-10-03 18:10:56 [INFO]   0.0% (2.0 MB)
2026-10-03 18:10:56 [INFO]   0.0% (2.0 MB)
2026-10-03 18:10:56 [INFO]   0.0% (2.0 MB)
2026-10-03 18:10:56 [INFO]   0.0% (2.0 MB)
2026-10-03 18:10:56 [INFO]   0.0% (2.0 MB)
2026-10-03 18:10:56 [INFO]   0.0% (2.0 MB)
2026-10-03 18:10:56 [INFO]   0.0% (2.0 MB)
2026-10-03 18:10:58 [INFO]   0.0% (3.0 MB)
2026-10-03 18:10:58 [INFO]   0.0% (3.0 MB)
2026-10-03 18:10:58 [INFO]   0.0% (3.0 MB)
2026-10-03 18:10:58 [INFO]   0.0% (3.0 MB)
2026-10-03 18:10:58 [INFO]   0.0% (3.0 MB)
2026-10-03 18:10:58 [INFO]   0.0% (3.0 MB)
2026-10-03 18:10:58 [INFO]   0.0% (3.0 MB)
2026-10-03 18:10:58 [INFO]   0.0% (3.0 MB)
2026-10-03 18:10:58 [INFO]   0.0% (3.0 MB)
2026-10-03 18:10:58 [INFO]   0.0% (3.0 MB)
2026-10-03 18:10:58 [INFO]   0.0% (3.0 MB)
2026-10-03 18:10:58 [INFO]   0.0% (3.0 MB)
2026-10-03 18:10:58 [INFO]   ✓ f69.jpg — 3.07 MB en 6.2s
2026-10-03 18:10:58 [INFO]   ⏸  Pausa 12.1s...
2026-10-03 18:11:10 [INFO] [52/122] f70
2026-10-03 18:11:14 [INFO]   0.0% (0.0 MB)
2026-10-03 18:11:14 [INFO]   0.0% (0.0 MB)
2026-10-03 18:11:14 [INFO]   0.0% (0.0 MB)
2026-10-03 18:11:14 [INFO]   0.0% (0.0 MB)
2026-10-03 18:11:14 [INFO]   0.0% (0.0 MB)
2026-10-03 18:11:14 [INFO]   0.0% (0.0 MB)
2026-10-03 18:11:14 [INFO]   0.0% (0.0 MB)
2026-10-03 18:11:14 [INFO]   0.0% (0.0 MB)
2026-10-03 18:11:14 [INFO]   0.0% (0.0 MB)
2026-10-03 18:11:14 [INFO]   0.0% (0.0 MB)
2026-10-03 18:11:14 [INFO]   0.0% (0.0 MB)
2026-10-03 18:11:17 [INFO]   0.0% (1.0 MB)
2026-10-03 18:11:17 [INFO]   0.0% (1.0 MB)
2026-10-03 18:11:17 [INFO]   0.0% (1.0 MB)
2026-10-03 18:11:17 [INFO]   0.0% (1.0 MB)
2026-10-03 18:11:17 [INFO]   0.0% (1.0 MB)
2026-10-03 18:11:17 [INFO]   0.0% (1.0 MB)
2026-10-03 18:11:17 [INFO]   0.0% (1.0 MB)
2026-10-03 18:11:17 [INFO]   0.0% (1.0 MB)
2026-10-03 18:11:17 [INFO]   0.0% (1.0 MB)
2026-10-03 18:11:17 [INFO]   0.0% (1.0 MB)
2026-10-03 18:11:17 [INFO]   0.0% (1.0 MB)
2026-10-03 18:11:17 [INFO]   0.0% (1.0 MB)
2026-10-03 18:11:18 [INFO]   0.0% (2.0 MB)
2026-10-03 18:11:18 [INFO]   0.0% (2.0 MB)
2026-10-03 18:11:18 [INFO]   0.0% (2.0 MB)
2026-10-03 18:11:18 [INFO]   0.0% (2.0 MB)
2026-10-03 18:11:18 [INFO]   0.0% (2.0 MB)
2026-10-03 18:11:18 [INFO]   0.0% (2.0 MB)
2026-10-03 18:11:18 [INFO]   0.0% (2.0 MB)
2026-10-03 18:11:18 [INFO]   0.0% (2.0 MB)
2026-10-03 18:11:18 [INFO]   0.0% (2.0 MB)
2026-10-03 18:11:18 [INFO]   0.0% (2.0 MB)
2026-10-03 18:11:18 [INFO]   0.0% (2.0 MB)
2026-10-03 18:11:18 [INFO]   0.0% (2.0 MB)
2026-10-03 18:11:19 [INFO]   ✓ f70.jpg — 2.48 MB en 5.0s
2026-10-03 18:11:19 [INFO]   ⏸  Pausa 13.6s...
2026-10-03 18:11:33 [INFO] [53/122] f71
2026-10-03 18:11:36 [INFO]   0.0% (0.0 MB)
2026-10-03 18:11:36 [INFO]   0.0% (0.0 MB)
2026-10-03 18:11:36 [INFO]   0.0% (0.0 MB)
2026-10-03 18:11:36 [INFO]   0.0% (0.0 MB)
2026-10-03 18:11:36 [INFO]   0.0% (0.0 MB)
2026-10-03 18:11:36 [INFO]   0.0% (0.0 MB)
2026-10-03 18:11:36 [INFO]   0.0% (0.0 MB)
2026-10-03 18:11:36 [INFO]   0.0% (0.0 MB)
2026-10-03 18:11:36 [INFO]   0.0% (0.0 MB)
2026-10-03 18:11:36 [INFO]   0.0% (0.0 MB)
2026-10-03 18:11:37 [INFO]   0.0% (0.0 MB)
2026-10-03 18:11:39 [INFO]   0.0% (1.0 MB)
2026-10-03 18:11:39 [INFO]   0.0% (1.0 MB)
2026-10-03 18:11:39 [INFO]   0.0% (1.0 MB)
2026-10-03 18:11:39 [INFO]   0.0% (1.0 MB)
2026-10-03 18:11:39 [INFO]   0.0% (1.0 MB)
2026-10-03 18:11:39 [INFO]   0.0% (1.0 MB)
2026-10-03 18:11:39 [INFO]   0.0% (1.0 MB)
2026-10-03 18:11:39 [INFO]   0.0% (1.0 MB)
2026-10-03 18:11:39 [INFO]   0.0% (1.0 MB)
2026-10-03 18:11:39 [INFO]   0.0% (1.0 MB)
2026-10-03 18:11:39 [INFO]   0.0% (1.0 MB)
2026-10-03 18:11:39 [INFO]   0.0% (1.0 MB)
2026-10-03 18:11:40 [INFO]   0.0% (2.0 MB)
2026-10-03 18:11:40 [INFO]   0.0% (2.0 MB)
2026-10-03 18:11:40 [INFO]   0.0% (2.0 MB)
2026-10-03 18:11:40 [INFO]   0.0% (2.0 MB)
2026-10-03 18:11:40 [INFO]   0.0% (2.0 MB)
2026-10-03 18:11:40 [INFO]   0.0% (2.0 MB)
2026-10-03 18:11:40 [INFO]   0.0% (2.0 MB)
2026-10-03 18:11:40 [INFO]   0.0% (2.0 MB)
2026-10-03 18:11:40 [INFO]   0.0% (2.0 MB)
2026-10-03 18:11:40 [INFO]   0.0% (2.0 MB)
2026-10-03 18:11:40 [INFO]   0.0% (2.0 MB)
2026-10-03 18:11:40 [INFO]   0.0% (2.0 MB)
2026-10-03 18:11:42 [INFO]   ✓ f71.jpg — 2.82 MB en 5.4s
2026-10-03 18:11:42 [INFO]   ⏸  Pausa 18.7s...
2026-10-03 18:12:00 [INFO] [54/122] f72
2026-10-03 18:12:03 [INFO]   0.0% (0.0 MB)
2026-10-03 18:12:04 [INFO]   0.0% (0.0 MB)
2026-10-03 18:12:04 [INFO]   0.0% (0.0 MB)
2026-10-03 18:12:04 [INFO]   0.0% (0.0 MB)
2026-10-03 18:12:04 [INFO]   0.0% (0.0 MB)
2026-10-03 18:12:04 [INFO]   0.0% (0.0 MB)
2026-10-03 18:12:04 [INFO]   0.0% (0.0 MB)
2026-10-03 18:12:04 [INFO]   0.0% (0.0 MB)
2026-10-03 18:12:04 [INFO]   0.0% (0.0 MB)
2026-10-03 18:12:04 [INFO]   0.0% (0.0 MB)
2026-10-03 18:12:04 [INFO]   0.0% (0.0 MB)
2026-10-03 18:12:06 [INFO]   0.0% (1.0 MB)
2026-10-03 18:12:06 [INFO]   0.0% (1.0 MB)
2026-10-03 18:12:06 [INFO]   0.0% (1.0 MB)
2026-10-03 18:12:06 [INFO]   0.0% (1.0 MB)
2026-10-03 18:12:06 [INFO]   0.0% (1.0 MB)
2026-10-03 18:12:06 [INFO]   0.0% (1.0 MB)
2026-10-03 18:12:06 [INFO]   0.0% (1.0 MB)
2026-10-03 18:12:06 [INFO]   0.0% (1.0 MB)
2026-10-03 18:12:06 [INFO]   0.0% (1.0 MB)
2026-10-03 18:12:06 [INFO]   0.0% (1.0 MB)
2026-10-03 18:12:06 [INFO]   0.0% (1.0 MB)
2026-10-03 18:12:06 [INFO]   0.0% (1.0 MB)
2026-10-03 18:12:07 [INFO]   0.0% (2.0 MB)
2026-10-03 18:12:07 [INFO]   0.0% (2.0 MB)
2026-10-03 18:12:07 [INFO]   0.0% (2.0 MB)
2026-10-03 18:12:07 [INFO]   0.0% (2.0 MB)
2026-10-03 18:12:07 [INFO]   0.0% (2.0 MB)
2026-10-03 18:12:07 [INFO]   0.0% (2.0 MB)
2026-10-03 18:12:07 [INFO]   0.0% (2.0 MB)
2026-10-03 18:12:07 [INFO]   0.0% (2.0 MB)
2026-10-03 18:12:07 [INFO]   0.0% (2.0 MB)
2026-10-03 18:12:07 [INFO]   0.0% (2.0 MB)
2026-10-03 18:12:07 [INFO]   0.0% (2.0 MB)
2026-10-03 18:12:07 [INFO]   0.0% (2.0 MB)
2026-10-03 18:12:09 [INFO]   ✓ f72.jpg — 2.85 MB en 5.1s
2026-10-03 18:12:09 [INFO]   ⏸  Pausa 19.4s...
2026-10-03 18:12:28 [INFO] [55/122] f73
2026-10-03 18:12:31 [INFO]   0.0% (0.0 MB)
2026-10-03 18:12:31 [INFO]   0.0% (0.0 MB)
2026-10-03 18:12:31 [INFO]   0.0% (0.0 MB)
2026-10-03 18:12:31 [INFO]   0.0% (0.0 MB)
2026-10-03 18:12:31 [INFO]   0.0% (0.0 MB)
2026-10-03 18:12:31 [INFO]   0.0% (0.0 MB)
2026-10-03 18:12:31 [INFO]   0.0% (0.0 MB)
2026-10-03 18:12:32 [INFO]   0.0% (0.0 MB)
2026-10-03 18:12:32 [INFO]   0.0% (0.0 MB)
2026-10-03 18:12:32 [INFO]   0.0% (0.0 MB)
2026-10-03 18:12:32 [INFO]   0.0% (0.0 MB)
2026-10-03 18:12:34 [INFO]   0.0% (1.0 MB)
2026-10-03 18:12:34 [INFO]   0.0% (1.0 MB)
2026-10-03 18:12:34 [INFO]   0.0% (1.0 MB)
2026-10-03 18:12:34 [INFO]   0.0% (1.0 MB)
2026-10-03 18:12:34 [INFO]   0.0% (1.0 MB)
2026-10-03 18:12:34 [INFO]   0.0% (1.0 MB)
2026-10-03 18:12:34 [INFO]   0.0% (1.0 MB)
2026-10-03 18:12:34 [INFO]   0.0% (1.0 MB)
2026-10-03 18:12:34 [INFO]   0.0% (1.0 MB)
2026-10-03 18:12:34 [INFO]   0.0% (1.0 MB)
2026-10-03 18:12:34 [INFO]   0.0% (1.0 MB)
2026-10-03 18:12:34 [INFO]   0.0% (1.0 MB)
2026-10-03 18:12:35 [INFO]   0.0% (2.0 MB)
2026-10-03 18:12:35 [INFO]   0.0% (2.0 MB)
2026-10-03 18:12:35 [INFO]   0.0% (2.0 MB)
2026-10-03 18:12:35 [INFO]   0.0% (2.0 MB)
2026-10-03 18:12:35 [INFO]   0.0% (2.0 MB)
2026-10-03 18:12:35 [INFO]   0.0% (2.0 MB)
2026-10-03 18:12:35 [INFO]   0.0% (2.0 MB)
2026-10-03 18:12:36 [INFO]   0.0% (2.0 MB)
2026-10-03 18:12:36 [INFO]   0.0% (2.0 MB)
2026-10-03 18:12:36 [INFO]   0.0% (2.0 MB)
2026-10-03 18:12:36 [INFO]   0.0% (2.0 MB)
2026-10-03 18:12:36 [INFO]   0.0% (2.0 MB)
2026-10-03 18:12:37 [INFO]   0.0% (3.0 MB)
2026-10-03 18:12:37 [INFO]   0.0% (3.0 MB)
2026-10-03 18:12:37 [INFO]   0.0% (3.0 MB)
2026-10-03 18:12:37 [INFO]   0.0% (3.0 MB)
2026-10-03 18:12:37 [INFO]   0.0% (3.0 MB)
2026-10-03 18:12:37 [INFO]   0.0% (3.0 MB)
2026-10-03 18:12:37 [INFO]   0.0% (3.0 MB)
2026-10-03 18:12:37 [INFO]   0.0% (3.0 MB)
2026-10-03 18:12:37 [INFO]   0.0% (3.0 MB)
2026-10-03 18:12:37 [INFO]   0.0% (3.0 MB)
2026-10-03 18:12:37 [INFO]   0.0% (3.0 MB)
2026-10-03 18:12:37 [INFO]   0.0% (3.0 MB)
2026-10-03 18:12:37 [INFO]   ✓ f73.jpg — 3.05 MB en 5.9s
2026-10-03 18:12:37 [INFO]   ⏸  Pausa 9.0s...
2026-10-03 18:12:46 [INFO] [56/122] f74
2026-10-03 18:12:49 [INFO]   0.0% (0.0 MB)
2026-10-03 18:12:49 [INFO]   0.0% (0.0 MB)
2026-10-03 18:12:49 [INFO]   0.0% (0.0 MB)
2026-10-03 18:12:49 [INFO]   0.0% (0.0 MB)
2026-10-03 18:12:49 [INFO]   0.0% (0.0 MB)
2026-10-03 18:12:49 [INFO]   0.0% (0.0 MB)
2026-10-03 18:12:49 [INFO]   0.0% (0.0 MB)
2026-10-03 18:12:49 [INFO]   0.0% (0.0 MB)
2026-10-03 18:12:49 [INFO]   0.0% (0.0 MB)
2026-10-03 18:12:49 [INFO]   0.0% (0.0 MB)
2026-10-03 18:12:49 [INFO]   0.0% (0.0 MB)
2026-10-03 18:12:51 [INFO]   0.0% (1.0 MB)
2026-10-03 18:12:51 [INFO]   0.0% (1.0 MB)
2026-10-03 18:12:51 [INFO]   0.0% (1.0 MB)
2026-10-03 18:12:51 [INFO]   0.0% (1.0 MB)
2026-10-03 18:12:51 [INFO]   0.0% (1.0 MB)
2026-10-03 18:12:51 [INFO]   0.0% (1.0 MB)
2026-10-03 18:12:51 [INFO]   0.0% (1.0 MB)
2026-10-03 18:12:51 [INFO]   0.0% (1.0 MB)
2026-10-03 18:12:51 [INFO]   0.0% (1.0 MB)
2026-10-03 18:12:51 [INFO]   0.0% (1.0 MB)
2026-10-03 18:12:51 [INFO]   0.0% (1.0 MB)
2026-10-03 18:12:51 [INFO]   0.0% (1.0 MB)
2026-10-03 18:12:53 [INFO]   0.0% (2.0 MB)
2026-10-03 18:12:53 [INFO]   0.0% (2.0 MB)
2026-10-03 18:12:53 [INFO]   0.0% (2.0 MB)
2026-10-03 18:12:53 [INFO]   0.0% (2.0 MB)
2026-10-03 18:12:53 [INFO]   0.0% (2.0 MB)
2026-10-03 18:12:53 [INFO]   0.0% (2.0 MB)
2026-10-03 18:12:53 [INFO]   0.0% (2.0 MB)
2026-10-03 18:12:53 [INFO]   0.0% (2.0 MB)
2026-10-03 18:12:53 [INFO]   0.0% (2.0 MB)
2026-10-03 18:12:53 [INFO]   0.0% (2.0 MB)
2026-10-03 18:12:53 [INFO]   0.0% (2.0 MB)
2026-10-03 18:12:53 [INFO]   0.0% (2.0 MB)
2026-10-03 18:12:54 [INFO]   ✓ f74.jpg — 2.64 MB en 4.8s
2026-10-03 18:12:54 [INFO]   ⏸  Pausa 19.1s...
2026-10-03 18:13:13 [INFO] [57/122] f75
2026-10-03 18:13:17 [INFO]   0.0% (0.0 MB)
2026-10-03 18:13:18 [INFO]   0.0% (0.0 MB)
2026-10-03 18:13:18 [INFO]   0.0% (0.0 MB)
2026-10-03 18:13:18 [INFO]   0.0% (0.0 MB)
2026-10-03 18:13:18 [INFO]   0.0% (0.0 MB)
2026-10-03 18:13:18 [INFO]   0.0% (0.0 MB)
2026-10-03 18:13:18 [INFO]   0.0% (0.0 MB)
2026-10-03 18:13:18 [INFO]   0.0% (0.0 MB)
2026-10-03 18:13:18 [INFO]   0.0% (0.0 MB)
2026-10-03 18:13:18 [INFO]   0.0% (0.0 MB)
2026-10-03 18:13:18 [INFO]   0.0% (0.0 MB)
2026-10-03 18:13:20 [INFO]   0.0% (1.0 MB)
2026-10-03 18:13:20 [INFO]   0.0% (1.0 MB)
2026-10-03 18:13:20 [INFO]   0.0% (1.0 MB)
2026-10-03 18:13:20 [INFO]   0.0% (1.0 MB)
2026-10-03 18:13:20 [INFO]   0.0% (1.0 MB)
2026-10-03 18:13:20 [INFO]   0.0% (1.0 MB)
2026-10-03 18:13:20 [INFO]   0.0% (1.0 MB)
2026-10-03 18:13:20 [INFO]   0.0% (1.0 MB)
2026-10-03 18:13:20 [INFO]   0.0% (1.0 MB)
2026-10-03 18:13:20 [INFO]   0.0% (1.0 MB)
2026-10-03 18:13:20 [INFO]   0.0% (1.0 MB)
2026-10-03 18:13:20 [INFO]   0.0% (1.0 MB)
2026-10-03 18:13:22 [INFO]   0.0% (2.0 MB)
2026-10-03 18:13:22 [INFO]   0.0% (2.0 MB)
2026-10-03 18:13:22 [INFO]   0.0% (2.0 MB)
2026-10-03 18:13:22 [INFO]   0.0% (2.0 MB)
2026-10-03 18:13:22 [INFO]   0.0% (2.0 MB)
2026-10-03 18:13:22 [INFO]   0.0% (2.0 MB)
2026-10-03 18:13:22 [INFO]   0.0% (2.0 MB)
2026-10-03 18:13:22 [INFO]   0.0% (2.0 MB)
2026-10-03 18:13:22 [INFO]   0.0% (2.0 MB)
2026-10-03 18:13:22 [INFO]   0.0% (2.0 MB)
2026-10-03 18:13:22 [INFO]   0.0% (2.0 MB)
2026-10-03 18:13:22 [INFO]   0.0% (2.0 MB)
2026-10-03 18:13:23 [INFO]   0.0% (3.0 MB)
2026-10-03 18:13:23 [INFO]   0.0% (3.0 MB)
2026-10-03 18:13:23 [INFO]   0.0% (3.0 MB)
2026-10-03 18:13:23 [INFO]   0.0% (3.0 MB)
2026-10-03 18:13:23 [INFO]   0.0% (3.0 MB)
2026-10-03 18:13:23 [INFO]   0.0% (3.0 MB)
2026-10-03 18:13:23 [INFO]   0.0% (3.0 MB)
2026-10-03 18:13:23 [INFO]   0.0% (3.0 MB)
2026-10-03 18:13:23 [INFO]   0.0% (3.0 MB)
2026-10-03 18:13:23 [INFO]   0.0% (3.0 MB)
2026-10-03 18:13:23 [INFO]   0.0% (3.0 MB)
2026-10-03 18:13:23 [INFO]   0.0% (3.0 MB)
2026-10-03 18:13:23 [INFO]   ✓ f75.jpg — 3.17 MB en 6.0s
2026-10-03 18:13:23 [INFO]   ⏸  Pausa 12.4s...
2026-10-03 18:13:36 [INFO] [58/122] f76
2026-10-03 18:13:39 [INFO]   0.0% (0.0 MB)
2026-10-03 18:13:39 [INFO]   0.0% (0.0 MB)
2026-10-03 18:13:39 [INFO]   0.0% (0.0 MB)
2026-10-03 18:13:39 [INFO]   0.0% (0.0 MB)
2026-10-03 18:13:39 [INFO]   0.0% (0.0 MB)
2026-10-03 18:13:39 [INFO]   0.0% (0.0 MB)
2026-10-03 18:13:39 [INFO]   0.0% (0.0 MB)
2026-10-03 18:13:39 [INFO]   0.0% (0.0 MB)
2026-10-03 18:13:39 [INFO]   0.0% (0.0 MB)
2026-10-03 18:13:39 [INFO]   0.0% (0.0 MB)
2026-10-03 18:13:39 [INFO]   0.0% (0.0 MB)
2026-10-03 18:13:42 [INFO]   0.0% (1.0 MB)
2026-10-03 18:13:42 [INFO]   0.0% (1.0 MB)
2026-10-03 18:13:42 [INFO]   0.0% (1.0 MB)
2026-10-03 18:13:42 [INFO]   0.0% (1.0 MB)
2026-10-03 18:13:42 [INFO]   0.0% (1.0 MB)
2026-10-03 18:13:42 [INFO]   0.0% (1.0 MB)
2026-10-03 18:13:42 [INFO]   0.0% (1.0 MB)
2026-10-03 18:13:42 [INFO]   0.0% (1.0 MB)
2026-10-03 18:13:42 [INFO]   0.0% (1.0 MB)
2026-10-03 18:13:42 [INFO]   0.0% (1.0 MB)
2026-10-03 18:13:42 [INFO]   0.0% (1.0 MB)
2026-10-03 18:13:42 [INFO]   0.0% (1.0 MB)
2026-10-03 18:13:43 [INFO]   0.0% (2.0 MB)
2026-10-03 18:13:43 [INFO]   0.0% (2.0 MB)
2026-10-03 18:13:43 [INFO]   0.0% (2.0 MB)
2026-10-03 18:13:43 [INFO]   0.0% (2.0 MB)
2026-10-03 18:13:44 [INFO]   0.0% (2.0 MB)
2026-10-03 18:13:44 [INFO]   0.0% (2.0 MB)
2026-10-03 18:13:44 [INFO]   0.0% (2.0 MB)
2026-10-03 18:13:44 [INFO]   0.0% (2.0 MB)
2026-10-03 18:13:44 [INFO]   0.0% (2.0 MB)
2026-10-03 18:13:44 [INFO]   0.0% (2.0 MB)
2026-10-03 18:13:44 [INFO]   0.0% (2.0 MB)
2026-10-03 18:13:44 [INFO]   0.0% (2.0 MB)
2026-10-03 18:13:45 [INFO]   0.0% (3.0 MB)
2026-10-03 18:13:45 [INFO]   0.0% (3.0 MB)
2026-10-03 18:13:45 [INFO]   0.0% (3.0 MB)
2026-10-03 18:13:45 [INFO]   0.0% (3.0 MB)
2026-10-03 18:13:45 [INFO]   0.0% (3.0 MB)
2026-10-03 18:13:45 [INFO]   0.0% (3.0 MB)
2026-10-03 18:13:45 [INFO]   0.0% (3.0 MB)
2026-10-03 18:13:45 [INFO]   0.0% (3.0 MB)
2026-10-03 18:13:45 [INFO]   0.0% (3.0 MB)
2026-10-03 18:13:45 [INFO]   0.0% (3.0 MB)
2026-10-03 18:13:45 [INFO]   0.0% (3.0 MB)
2026-10-03 18:13:45 [INFO]   0.0% (3.0 MB)
2026-10-03 18:13:45 [INFO]   ✓ f76.jpg — 3.24 MB en 6.6s
2026-10-03 18:13:45 [INFO]   ⏸  Pausa 19.5s...
2026-10-03 18:14:05 [INFO] [59/122] f77
2026-10-03 18:14:08 [INFO]   0.0% (0.0 MB)
2026-10-03 18:14:08 [INFO]   0.0% (0.0 MB)
2026-10-03 18:14:08 [INFO]   0.0% (0.0 MB)
2026-10-03 18:14:08 [INFO]   0.0% (0.0 MB)
2026-10-03 18:14:08 [INFO]   0.0% (0.0 MB)
2026-10-03 18:14:08 [INFO]   0.0% (0.0 MB)
2026-10-03 18:14:08 [INFO]   0.0% (0.0 MB)
2026-10-03 18:14:08 [INFO]   0.0% (0.0 MB)
2026-10-03 18:14:08 [INFO]   0.0% (0.0 MB)
2026-10-03 18:14:08 [INFO]   0.0% (0.0 MB)
2026-10-03 18:14:09 [INFO]   0.0% (0.0 MB)
2026-10-03 18:14:11 [INFO]   0.0% (1.0 MB)
2026-10-03 18:14:11 [INFO]   0.0% (1.0 MB)
2026-10-03 18:14:11 [INFO]   0.0% (1.0 MB)
2026-10-03 18:14:11 [INFO]   0.0% (1.0 MB)
2026-10-03 18:14:11 [INFO]   0.0% (1.0 MB)
2026-10-03 18:14:11 [INFO]   0.0% (1.0 MB)
2026-10-03 18:14:11 [INFO]   0.0% (1.0 MB)
2026-10-03 18:14:11 [INFO]   0.0% (1.0 MB)
2026-10-03 18:14:11 [INFO]   0.0% (1.0 MB)
2026-10-03 18:14:11 [INFO]   0.0% (1.0 MB)
2026-10-03 18:14:11 [INFO]   0.0% (1.0 MB)
2026-10-03 18:14:11 [INFO]   0.0% (1.0 MB)
2026-10-03 18:14:13 [INFO]   0.0% (2.0 MB)
2026-10-03 18:14:13 [INFO]   0.0% (2.0 MB)
2026-10-03 18:14:13 [INFO]   0.0% (2.0 MB)
2026-10-03 18:14:13 [INFO]   0.0% (2.0 MB)
2026-10-03 18:14:13 [INFO]   0.0% (2.0 MB)
2026-10-03 18:14:13 [INFO]   0.0% (2.0 MB)
2026-10-03 18:14:13 [INFO]   0.0% (2.0 MB)
2026-10-03 18:14:13 [INFO]   0.0% (2.0 MB)
2026-10-03 18:14:13 [INFO]   0.0% (2.0 MB)
2026-10-03 18:14:13 [INFO]   0.0% (2.0 MB)
2026-10-03 18:14:13 [INFO]   0.0% (2.0 MB)
2026-10-03 18:14:13 [INFO]   0.0% (2.0 MB)
2026-10-03 18:14:15 [INFO]   0.0% (3.0 MB)
2026-10-03 18:14:15 [INFO]   0.0% (3.0 MB)
2026-10-03 18:14:15 [INFO]   ✓ f77.jpg — 3.00 MB en 6.8s
2026-10-03 18:14:15 [INFO]   ⏸  Pausa 8.8s...
2026-10-03 18:14:24 [INFO] [60/122] f78
2026-10-03 18:14:27 [INFO]   0.0% (0.0 MB)
2026-10-03 18:14:27 [INFO]   0.0% (0.0 MB)
2026-10-03 18:14:27 [INFO]   0.0% (0.0 MB)
2026-10-03 18:14:27 [INFO]   0.0% (0.0 MB)
2026-10-03 18:14:27 [INFO]   0.0% (0.0 MB)
2026-10-03 18:14:27 [INFO]   0.0% (0.0 MB)
2026-10-03 18:14:27 [INFO]   0.0% (0.0 MB)
2026-10-03 18:14:27 [INFO]   0.0% (0.0 MB)
2026-10-03 18:14:27 [INFO]   0.0% (0.0 MB)
2026-10-03 18:14:27 [INFO]   0.0% (0.0 MB)
2026-10-03 18:14:27 [INFO]   0.0% (0.0 MB)
2026-10-03 18:14:29 [INFO]   0.0% (1.0 MB)
2026-10-03 18:14:29 [INFO]   0.0% (1.0 MB)
2026-10-03 18:14:29 [INFO]   0.0% (1.0 MB)
2026-10-03 18:14:29 [INFO]   0.0% (1.0 MB)
2026-10-03 18:14:29 [INFO]   0.0% (1.0 MB)
2026-10-03 18:14:29 [INFO]   0.0% (1.0 MB)
2026-10-03 18:14:29 [INFO]   0.0% (1.0 MB)
2026-10-03 18:14:29 [INFO]   0.0% (1.0 MB)
2026-10-03 18:14:29 [INFO]   0.0% (1.0 MB)
2026-10-03 18:14:29 [INFO]   0.0% (1.0 MB)
2026-10-03 18:14:29 [INFO]   0.0% (1.0 MB)
2026-10-03 18:14:29 [INFO]   0.0% (1.0 MB)
2026-10-03 18:14:31 [INFO]   0.0% (2.0 MB)
2026-10-03 18:14:31 [INFO]   0.0% (2.0 MB)
2026-10-03 18:14:31 [INFO]   0.0% (2.0 MB)
2026-10-03 18:14:31 [INFO]   0.0% (2.0 MB)
2026-10-03 18:14:31 [INFO]   0.0% (2.0 MB)
2026-10-03 18:14:31 [INFO]   0.0% (2.0 MB)
2026-10-03 18:14:31 [INFO]   0.0% (2.0 MB)
2026-10-03 18:14:31 [INFO]   0.0% (2.0 MB)
2026-10-03 18:14:31 [INFO]   0.0% (2.0 MB)
2026-10-03 18:14:31 [INFO]   0.0% (2.0 MB)
2026-10-03 18:14:31 [INFO]   0.0% (2.0 MB)
2026-10-03 18:14:31 [INFO]   0.0% (2.0 MB)
2026-10-03 18:14:32 [INFO]   ✓ f78.jpg — 2.56 MB en 5.4s
2026-10-03 18:14:32 [INFO]   ⏸  Pausa 11.4s...
2026-10-03 18:14:43 [INFO] [61/122] f79
2026-10-03 18:14:46 [INFO]   0.0% (0.0 MB)
2026-10-03 18:14:46 [INFO]   0.0% (0.0 MB)
2026-10-03 18:14:46 [INFO]   0.0% (0.0 MB)
2026-10-03 18:14:46 [INFO]   0.0% (0.0 MB)
2026-10-03 18:14:46 [INFO]   0.0% (0.0 MB)
2026-10-03 18:14:46 [INFO]   0.0% (0.0 MB)
2026-10-03 18:14:46 [INFO]   0.0% (0.0 MB)
2026-10-03 18:14:46 [INFO]   0.0% (0.0 MB)
2026-10-03 18:14:46 [INFO]   0.0% (0.0 MB)
2026-10-03 18:14:46 [INFO]   0.0% (0.0 MB)
2026-10-03 18:14:47 [INFO]   0.0% (0.0 MB)
2026-10-03 18:14:49 [INFO]   0.0% (1.0 MB)
2026-10-03 18:14:49 [INFO]   0.0% (1.0 MB)
2026-10-03 18:14:49 [INFO]   0.0% (1.0 MB)
2026-10-03 18:14:49 [INFO]   0.0% (1.0 MB)
2026-10-03 18:14:49 [INFO]   0.0% (1.0 MB)
2026-10-03 18:14:49 [INFO]   0.0% (1.0 MB)
2026-10-03 18:14:49 [INFO]   0.0% (1.0 MB)
2026-10-03 18:14:49 [INFO]   0.0% (1.0 MB)
2026-10-03 18:14:49 [INFO]   0.0% (1.0 MB)
2026-10-03 18:14:49 [INFO]   0.0% (1.0 MB)
2026-10-03 18:14:49 [INFO]   0.0% (1.0 MB)
2026-10-03 18:14:49 [INFO]   0.0% (1.0 MB)
2026-10-03 18:14:51 [INFO]   0.0% (2.0 MB)
2026-10-03 18:14:51 [INFO]   0.0% (2.0 MB)
2026-10-03 18:14:51 [INFO]   0.0% (2.0 MB)
2026-10-03 18:14:51 [INFO]   0.0% (2.0 MB)
2026-10-03 18:14:51 [INFO]   0.0% (2.0 MB)
2026-10-03 18:14:51 [INFO]   0.0% (2.0 MB)
2026-10-03 18:14:51 [INFO]   0.0% (2.0 MB)
2026-10-03 18:14:51 [INFO]   0.0% (2.0 MB)
2026-10-03 18:14:51 [INFO]   0.0% (2.0 MB)
2026-10-03 18:14:51 [INFO]   0.0% (2.0 MB)
2026-10-03 18:14:51 [INFO]   0.0% (2.0 MB)
2026-10-03 18:14:51 [INFO]   0.0% (2.0 MB)
2026-10-03 18:14:52 [INFO]   ✓ f79.jpg — 2.83 MB en 6.0s
2026-10-03 18:14:52 [INFO]   ⏸  Pausa 10.3s...
2026-10-03 18:15:03 [INFO] [62/122] f80
2026-10-03 18:15:06 [INFO]   0.0% (0.0 MB)
2026-10-03 18:15:06 [INFO]   0.0% (0.0 MB)
2026-10-03 18:15:06 [INFO]   0.0% (0.0 MB)
2026-10-03 18:15:06 [INFO]   0.0% (0.0 MB)
2026-10-03 18:15:06 [INFO]   0.0% (0.0 MB)
2026-10-03 18:15:06 [INFO]   0.0% (0.0 MB)
2026-10-03 18:15:06 [INFO]   0.0% (0.0 MB)
2026-10-03 18:15:06 [INFO]   0.0% (0.0 MB)
2026-10-03 18:15:06 [INFO]   0.0% (0.0 MB)
2026-10-03 18:15:06 [INFO]   0.0% (0.0 MB)
2026-10-03 18:15:06 [INFO]   0.0% (0.0 MB)
2026-10-03 18:15:08 [INFO]   0.0% (1.0 MB)
2026-10-03 18:15:08 [INFO]   0.0% (1.0 MB)
2026-10-03 18:15:08 [INFO]   0.0% (1.0 MB)
2026-10-03 18:15:08 [INFO]   0.0% (1.0 MB)
2026-10-03 18:15:08 [INFO]   0.0% (1.0 MB)
2026-10-03 18:15:08 [INFO]   0.0% (1.0 MB)
2026-10-03 18:15:08 [INFO]   0.0% (1.0 MB)
2026-10-03 18:15:08 [INFO]   0.0% (1.0 MB)
2026-10-03 18:15:08 [INFO]   0.0% (1.0 MB)
2026-10-03 18:15:08 [INFO]   0.0% (1.0 MB)
2026-10-03 18:15:08 [INFO]   0.0% (1.0 MB)
2026-10-03 18:15:08 [INFO]   0.0% (1.0 MB)
2026-10-03 18:15:10 [INFO]   0.0% (2.0 MB)
2026-10-03 18:15:10 [INFO]   0.0% (2.0 MB)
2026-10-03 18:15:10 [INFO]   0.0% (2.0 MB)
2026-10-03 18:15:10 [INFO]   0.0% (2.0 MB)
2026-10-03 18:15:10 [INFO]   0.0% (2.0 MB)
2026-10-03 18:15:10 [INFO]   0.0% (2.0 MB)
2026-10-03 18:15:10 [INFO]   0.0% (2.0 MB)
2026-10-03 18:15:10 [INFO]   0.0% (2.0 MB)
2026-10-03 18:15:10 [INFO]   0.0% (2.0 MB)
2026-10-03 18:15:10 [INFO]   0.0% (2.0 MB)
2026-10-03 18:15:10 [INFO]   0.0% (2.0 MB)
2026-10-03 18:15:10 [INFO]   0.0% (2.0 MB)
2026-10-03 18:15:11 [INFO]   ✓ f80.jpg — 2.84 MB en 5.6s
2026-10-03 18:15:11 [INFO]   ⏸  Pausa 12.9s...
2026-10-03 18:15:24 [INFO] [63/122] f81
2026-10-03 18:15:28 [INFO]   0.0% (0.0 MB)
2026-10-03 18:15:28 [INFO]   0.0% (0.0 MB)
2026-10-03 18:15:28 [INFO]   0.0% (0.0 MB)
2026-10-03 18:15:28 [INFO]   0.0% (0.0 MB)
2026-10-03 18:15:28 [INFO]   0.0% (0.0 MB)
2026-10-03 18:15:28 [INFO]   0.0% (0.0 MB)
2026-10-03 18:15:28 [INFO]   0.0% (0.0 MB)
2026-10-03 18:15:28 [INFO]   0.0% (0.0 MB)
2026-10-03 18:15:28 [INFO]   0.0% (0.0 MB)
2026-10-03 18:15:28 [INFO]   0.0% (0.0 MB)
2026-10-03 18:15:28 [INFO]   0.0% (0.0 MB)
2026-10-03 18:15:30 [INFO]   0.0% (1.0 MB)
2026-10-03 18:15:30 [INFO]   0.0% (1.0 MB)
2026-10-03 18:15:30 [INFO]   0.0% (1.0 MB)
2026-10-03 18:15:30 [INFO]   0.0% (1.0 MB)
2026-10-03 18:15:30 [INFO]   0.0% (1.0 MB)
2026-10-03 18:15:30 [INFO]   0.0% (1.0 MB)
2026-10-03 18:15:30 [INFO]   0.0% (1.0 MB)
2026-10-03 18:15:30 [INFO]   0.0% (1.0 MB)
2026-10-03 18:15:30 [INFO]   0.0% (1.0 MB)
2026-10-03 18:15:30 [INFO]   0.0% (1.0 MB)
2026-10-03 18:15:30 [INFO]   0.0% (1.0 MB)
2026-10-03 18:15:30 [INFO]   0.0% (1.0 MB)
2026-10-03 18:15:32 [INFO]   0.0% (2.0 MB)
2026-10-03 18:15:32 [INFO]   0.0% (2.0 MB)
2026-10-03 18:15:32 [INFO]   0.0% (2.0 MB)
2026-10-03 18:15:32 [INFO]   0.0% (2.0 MB)
2026-10-03 18:15:32 [INFO]   0.0% (2.0 MB)
2026-10-03 18:15:32 [INFO]   0.0% (2.0 MB)
2026-10-03 18:15:32 [INFO]   0.0% (2.0 MB)
2026-10-03 18:15:32 [INFO]   0.0% (2.0 MB)
2026-10-03 18:15:32 [INFO]   0.0% (2.0 MB)
2026-10-03 18:15:32 [INFO]   0.0% (2.0 MB)
2026-10-03 18:15:32 [INFO]   0.0% (2.0 MB)
2026-10-03 18:15:32 [INFO]   0.0% (2.0 MB)
2026-10-03 18:15:33 [INFO]   0.0% (3.0 MB)
2026-10-03 18:15:33 [INFO]   0.0% (3.0 MB)
2026-10-03 18:15:33 [INFO]   0.0% (3.0 MB)
2026-10-03 18:15:33 [INFO]   0.0% (3.0 MB)
2026-10-03 18:15:33 [INFO]   0.0% (3.0 MB)
2026-10-03 18:15:33 [INFO]   0.0% (3.0 MB)
2026-10-03 18:15:33 [INFO]   0.0% (3.0 MB)
2026-10-03 18:15:33 [INFO]   0.0% (3.0 MB)
2026-10-03 18:15:33 [INFO]   0.0% (3.0 MB)
2026-10-03 18:15:33 [INFO]   0.0% (3.0 MB)
2026-10-03 18:15:33 [INFO]   0.0% (3.0 MB)
2026-10-03 18:15:33 [INFO]   0.0% (3.0 MB)
2026-10-03 18:15:34 [INFO]   ✓ f81.jpg — 3.48 MB en 6.6s
2026-10-03 18:15:34 [INFO]   ⏸  Pausa 17.6s...
2026-10-03 18:15:52 [INFO] [64/122] f82
2026-10-03 18:15:55 [INFO]   0.0% (0.0 MB)
2026-10-03 18:15:55 [INFO]   0.0% (0.0 MB)
2026-10-03 18:15:55 [INFO]   0.0% (0.0 MB)
2026-10-03 18:15:55 [INFO]   0.0% (0.0 MB)
2026-10-03 18:15:55 [INFO]   0.0% (0.0 MB)
2026-10-03 18:15:55 [INFO]   0.0% (0.0 MB)
2026-10-03 18:15:55 [INFO]   0.0% (0.0 MB)
2026-10-03 18:15:55 [INFO]   0.0% (0.0 MB)
2026-10-03 18:15:55 [INFO]   0.0% (0.0 MB)
2026-10-03 18:15:55 [INFO]   0.0% (0.0 MB)
2026-10-03 18:15:55 [INFO]   0.0% (0.0 MB)
2026-10-03 18:15:57 [INFO]   0.0% (1.0 MB)
2026-10-03 18:15:57 [INFO]   0.0% (1.0 MB)
2026-10-03 18:15:57 [INFO]   0.0% (1.0 MB)
2026-10-03 18:15:57 [INFO]   0.0% (1.0 MB)
2026-10-03 18:15:57 [INFO]   0.0% (1.0 MB)
2026-10-03 18:15:57 [INFO]   0.0% (1.0 MB)
2026-10-03 18:15:57 [INFO]   0.0% (1.0 MB)
2026-10-03 18:15:57 [INFO]   0.0% (1.0 MB)
2026-10-03 18:15:57 [INFO]   0.0% (1.0 MB)
2026-10-03 18:15:57 [INFO]   0.0% (1.0 MB)
2026-10-03 18:15:57 [INFO]   0.0% (1.0 MB)
2026-10-03 18:15:57 [INFO]   0.0% (1.0 MB)
2026-10-03 18:15:59 [INFO]   0.0% (2.0 MB)
2026-10-03 18:15:59 [INFO]   0.0% (2.0 MB)
2026-10-03 18:15:59 [INFO]   0.0% (2.0 MB)
2026-10-03 18:15:59 [INFO]   0.0% (2.0 MB)
2026-10-03 18:15:59 [INFO]   0.0% (2.0 MB)
2026-10-03 18:15:59 [INFO]   0.0% (2.0 MB)
2026-10-03 18:15:59 [INFO]   0.0% (2.0 MB)
2026-10-03 18:15:59 [INFO]   0.0% (2.0 MB)
2026-10-03 18:15:59 [INFO]   0.0% (2.0 MB)
2026-10-03 18:15:59 [INFO]   0.0% (2.0 MB)
2026-10-03 18:15:59 [INFO]   0.0% (2.0 MB)
2026-10-03 18:15:59 [INFO]   0.0% (2.0 MB)
2026-10-03 18:16:00 [INFO]   ✓ f82.jpg — 2.85 MB en 5.5s
2026-10-03 18:16:00 [INFO]   ⏸  Pausa 9.6s...
2026-10-03 18:16:10 [INFO] [65/122] f83
2026-10-03 18:16:13 [INFO]   0.0% (0.0 MB)
2026-10-03 18:16:13 [INFO]   0.0% (0.0 MB)
2026-10-03 18:16:13 [INFO]   0.0% (0.0 MB)
2026-10-03 18:16:13 [INFO]   0.0% (0.0 MB)
2026-10-03 18:16:13 [INFO]   0.0% (0.0 MB)
2026-10-03 18:16:13 [INFO]   0.0% (0.0 MB)
2026-10-03 18:16:13 [INFO]   0.0% (0.0 MB)
2026-10-03 18:16:13 [INFO]   0.0% (0.0 MB)
2026-10-03 18:16:13 [INFO]   0.0% (0.0 MB)
2026-10-03 18:16:13 [INFO]   0.0% (0.0 MB)
2026-10-03 18:16:13 [INFO]   0.0% (0.0 MB)
2026-10-03 18:16:15 [INFO]   0.0% (1.0 MB)
2026-10-03 18:16:15 [INFO]   0.0% (1.0 MB)
2026-10-03 18:16:15 [INFO]   0.0% (1.0 MB)
2026-10-03 18:16:15 [INFO]   0.0% (1.0 MB)
2026-10-03 18:16:15 [INFO]   0.0% (1.0 MB)
2026-10-03 18:16:15 [INFO]   0.0% (1.0 MB)
2026-10-03 18:16:15 [INFO]   0.0% (1.0 MB)
2026-10-03 18:16:15 [INFO]   0.0% (1.0 MB)
2026-10-03 18:16:15 [INFO]   0.0% (1.0 MB)
2026-10-03 18:16:15 [INFO]   0.0% (1.0 MB)
2026-10-03 18:16:15 [INFO]   0.0% (1.0 MB)
2026-10-03 18:16:15 [INFO]   0.0% (1.0 MB)
2026-10-03 18:16:16 [INFO]   0.0% (2.0 MB)
2026-10-03 18:16:16 [INFO]   0.0% (2.0 MB)
2026-10-03 18:16:16 [INFO]   0.0% (2.0 MB)
2026-10-03 18:16:16 [INFO]   0.0% (2.0 MB)
2026-10-03 18:16:16 [INFO]   0.0% (2.0 MB)
2026-10-03 18:16:16 [INFO]   0.0% (2.0 MB)
2026-10-03 18:16:16 [INFO]   0.0% (2.0 MB)
2026-10-03 18:16:16 [INFO]   0.0% (2.0 MB)
2026-10-03 18:16:16 [INFO]   0.0% (2.0 MB)
2026-10-03 18:16:16 [INFO]   0.0% (2.0 MB)
2026-10-03 18:16:16 [INFO]   0.0% (2.0 MB)
2026-10-03 18:16:16 [INFO]   0.0% (2.0 MB)
2026-10-03 18:16:18 [INFO]   ✓ f83.jpg — 3.00 MB en 5.2s
2026-10-03 18:16:18 [INFO]   ⏸  Pausa 16.2s...
2026-10-03 18:16:34 [INFO] [66/122] f84
2026-10-03 18:16:37 [INFO]   0.0% (0.0 MB)
2026-10-03 18:16:37 [INFO]   0.0% (0.0 MB)
2026-10-03 18:16:37 [INFO]   0.0% (0.0 MB)
2026-10-03 18:16:37 [INFO]   0.0% (0.0 MB)
2026-10-03 18:16:37 [INFO]   0.0% (0.0 MB)
2026-10-03 18:16:37 [INFO]   0.0% (0.0 MB)
2026-10-03 18:16:37 [INFO]   0.0% (0.0 MB)
2026-10-03 18:16:37 [INFO]   0.0% (0.0 MB)
2026-10-03 18:16:37 [INFO]   0.0% (0.0 MB)
2026-10-03 18:16:37 [INFO]   0.0% (0.0 MB)
2026-10-03 18:16:37 [INFO]   0.0% (0.0 MB)
2026-10-03 18:16:40 [INFO]   0.0% (1.0 MB)
2026-10-03 18:16:40 [INFO]   0.0% (1.0 MB)
2026-10-03 18:16:40 [INFO]   0.0% (1.0 MB)
2026-10-03 18:16:40 [INFO]   0.0% (1.0 MB)
2026-10-03 18:16:40 [INFO]   0.0% (1.0 MB)
2026-10-03 18:16:40 [INFO]   0.0% (1.0 MB)
2026-10-03 18:16:40 [INFO]   0.0% (1.0 MB)
2026-10-03 18:16:40 [INFO]   0.0% (1.0 MB)
2026-10-03 18:16:40 [INFO]   0.0% (1.0 MB)
2026-10-03 18:16:40 [INFO]   0.0% (1.0 MB)
2026-10-03 18:16:40 [INFO]   0.0% (1.0 MB)
2026-10-03 18:16:40 [INFO]   0.0% (1.0 MB)
2026-10-03 18:16:41 [INFO]   0.0% (2.0 MB)
2026-10-03 18:16:41 [INFO]   0.0% (2.0 MB)
2026-10-03 18:16:41 [INFO]   0.0% (2.0 MB)
2026-10-03 18:16:41 [INFO]   0.0% (2.0 MB)
2026-10-03 18:16:41 [INFO]   0.0% (2.0 MB)
2026-10-03 18:16:42 [INFO]   0.0% (2.0 MB)
2026-10-03 18:16:42 [INFO]   0.0% (2.0 MB)
2026-10-03 18:16:42 [INFO]   0.0% (2.0 MB)
2026-10-03 18:16:42 [INFO]   0.0% (2.0 MB)
2026-10-03 18:16:42 [INFO]   0.0% (2.0 MB)
2026-10-03 18:16:42 [INFO]   0.0% (2.0 MB)
2026-10-03 18:16:42 [INFO]   0.0% (2.0 MB)
2026-10-03 18:16:43 [INFO]   0.0% (3.0 MB)
2026-10-03 18:16:43 [INFO]   0.0% (3.0 MB)
2026-10-03 18:16:43 [INFO]   0.0% (3.0 MB)
2026-10-03 18:16:43 [INFO]   0.0% (3.0 MB)
2026-10-03 18:16:43 [INFO]   0.0% (3.0 MB)
2026-10-03 18:16:43 [INFO]   0.0% (3.0 MB)
2026-10-03 18:16:43 [INFO]   0.0% (3.0 MB)
2026-10-03 18:16:43 [INFO]   0.0% (3.0 MB)
2026-10-03 18:16:43 [INFO]   0.0% (3.0 MB)
2026-10-03 18:16:43 [INFO]   0.0% (3.0 MB)
2026-10-03 18:16:43 [INFO]   0.0% (3.0 MB)
2026-10-03 18:16:43 [INFO]   0.0% (3.0 MB)
2026-10-03 18:16:43 [INFO]   ✓ f84.jpg — 3.04 MB en 6.3s
2026-10-03 18:16:43 [INFO]   ⏸  Pausa 19.2s...
2026-10-03 18:17:02 [INFO] [67/122] f85
2026-10-03 18:17:05 [INFO]   0.0% (0.0 MB)
2026-10-03 18:17:06 [INFO]   0.0% (0.0 MB)
2026-10-03 18:17:06 [INFO]   0.0% (0.0 MB)
2026-10-03 18:17:06 [INFO]   0.0% (0.0 MB)
2026-10-03 18:17:06 [INFO]   0.0% (0.0 MB)
2026-10-03 18:17:06 [INFO]   0.0% (0.0 MB)
2026-10-03 18:17:06 [INFO]   0.0% (0.0 MB)
2026-10-03 18:17:06 [INFO]   0.0% (0.0 MB)
2026-10-03 18:17:06 [INFO]   0.0% (0.0 MB)
2026-10-03 18:17:06 [INFO]   0.0% (0.0 MB)
2026-10-03 18:17:06 [INFO]   0.0% (0.0 MB)
2026-10-03 18:17:08 [INFO]   0.0% (1.0 MB)
2026-10-03 18:17:08 [INFO]   0.0% (1.0 MB)
2026-10-03 18:17:08 [INFO]   0.0% (1.0 MB)
2026-10-03 18:17:08 [INFO]   0.0% (1.0 MB)
2026-10-03 18:17:08 [INFO]   0.0% (1.0 MB)
2026-10-03 18:17:08 [INFO]   0.0% (1.0 MB)
2026-10-03 18:17:08 [INFO]   0.0% (1.0 MB)
2026-10-03 18:17:08 [INFO]   0.0% (1.0 MB)
2026-10-03 18:17:08 [INFO]   0.0% (1.0 MB)
2026-10-03 18:17:08 [INFO]   0.0% (1.0 MB)
2026-10-03 18:17:08 [INFO]   0.0% (1.0 MB)
2026-10-03 18:17:08 [INFO]   0.0% (1.0 MB)
2026-10-03 18:17:09 [INFO]   0.0% (2.0 MB)
2026-10-03 18:17:09 [INFO]   0.0% (2.0 MB)
2026-10-03 18:17:09 [INFO]   0.0% (2.0 MB)
2026-10-03 18:17:09 [INFO]   0.0% (2.0 MB)
2026-10-03 18:17:09 [INFO]   0.0% (2.0 MB)
2026-10-03 18:17:09 [INFO]   0.0% (2.0 MB)
2026-10-03 18:17:09 [INFO]   0.0% (2.0 MB)
2026-10-03 18:17:09 [INFO]   0.0% (2.0 MB)
2026-10-03 18:17:09 [INFO]   0.0% (2.0 MB)
2026-10-03 18:17:09 [INFO]   0.0% (2.0 MB)
2026-10-03 18:17:09 [INFO]   0.0% (2.0 MB)
2026-10-03 18:17:09 [INFO]   0.0% (2.0 MB)
2026-10-03 18:17:11 [INFO]   0.0% (3.0 MB)
2026-10-03 18:17:11 [INFO]   0.0% (3.0 MB)
2026-10-03 18:17:11 [INFO]   0.0% (3.0 MB)
2026-10-03 18:17:11 [INFO]   0.0% (3.0 MB)
2026-10-03 18:17:11 [INFO]   0.0% (3.0 MB)
2026-10-03 18:17:11 [INFO]   0.0% (3.0 MB)
2026-10-03 18:17:11 [INFO]   0.0% (3.0 MB)
2026-10-03 18:17:11 [INFO]   0.0% (3.0 MB)
2026-10-03 18:17:11 [INFO]   0.0% (3.0 MB)
2026-10-03 18:17:11 [INFO]   0.0% (3.0 MB)
2026-10-03 18:17:11 [INFO]   0.0% (3.0 MB)
2026-10-03 18:17:11 [INFO]   0.0% (3.0 MB)
2026-10-03 18:17:11 [INFO]   ✓ f85.jpg — 3.09 MB en 5.6s
2026-10-03 18:17:11 [INFO]   ⏸  Pausa 9.6s...
2026-10-03 18:17:21 [INFO] [68/122] f86
2026-10-03 18:17:23 [INFO]   0.0% (0.0 MB)
2026-10-03 18:17:24 [INFO]   0.0% (0.0 MB)
2026-10-03 18:17:24 [INFO]   0.0% (0.0 MB)
2026-10-03 18:17:24 [INFO]   0.0% (0.0 MB)
2026-10-03 18:17:24 [INFO]   0.0% (0.0 MB)
2026-10-03 18:17:24 [INFO]   0.0% (0.0 MB)
2026-10-03 18:17:24 [INFO]   0.0% (0.0 MB)
2026-10-03 18:17:24 [INFO]   0.0% (0.0 MB)
2026-10-03 18:17:24 [INFO]   0.0% (0.0 MB)
2026-10-03 18:17:24 [INFO]   0.0% (0.0 MB)
2026-10-03 18:17:24 [INFO]   0.0% (0.0 MB)
2026-10-03 18:17:26 [INFO]   0.0% (1.0 MB)
2026-10-03 18:17:26 [INFO]   0.0% (1.0 MB)
2026-10-03 18:17:26 [INFO]   0.0% (1.0 MB)
2026-10-03 18:17:26 [INFO]   0.0% (1.0 MB)
2026-10-03 18:17:26 [INFO]   0.0% (1.0 MB)
2026-10-03 18:17:26 [INFO]   0.0% (1.0 MB)
2026-10-03 18:17:26 [INFO]   0.0% (1.0 MB)
2026-10-03 18:17:26 [INFO]   0.0% (1.0 MB)
2026-10-03 18:17:26 [INFO]   0.0% (1.0 MB)
2026-10-03 18:17:26 [INFO]   0.0% (1.0 MB)
2026-10-03 18:17:26 [INFO]   0.0% (1.0 MB)
2026-10-03 18:17:26 [INFO]   0.0% (1.0 MB)
2026-10-03 18:17:27 [INFO]   0.0% (2.0 MB)
2026-10-03 18:17:27 [INFO]   0.0% (2.0 MB)
2026-10-03 18:17:27 [INFO]   0.0% (2.0 MB)
2026-10-03 18:17:27 [INFO]   0.0% (2.0 MB)
2026-10-03 18:17:27 [INFO]   0.0% (2.0 MB)
2026-10-03 18:17:27 [INFO]   0.0% (2.0 MB)
2026-10-03 18:17:27 [INFO]   0.0% (2.0 MB)
2026-10-03 18:17:27 [INFO]   0.0% (2.0 MB)
2026-10-03 18:17:27 [INFO]   0.0% (2.0 MB)
2026-10-03 18:17:27 [INFO]   0.0% (2.0 MB)
2026-10-03 18:17:27 [INFO]   0.0% (2.0 MB)
2026-10-03 18:17:27 [INFO]   0.0% (2.0 MB)
2026-10-03 18:17:28 [INFO]   ✓ f86.jpg — 2.68 MB en 4.6s
2026-10-03 18:17:28 [INFO]   ⏸  Pausa 14.9s...
2026-10-03 18:17:43 [INFO] [69/122] f87
2026-10-03 18:17:46 [INFO]   0.0% (0.0 MB)
2026-10-03 18:17:46 [INFO]   0.0% (0.0 MB)
2026-10-03 18:17:46 [INFO]   0.0% (0.0 MB)
2026-10-03 18:17:46 [INFO]   0.0% (0.0 MB)
2026-10-03 18:17:46 [INFO]   0.0% (0.0 MB)
2026-10-03 18:17:46 [INFO]   0.0% (0.0 MB)
2026-10-03 18:17:46 [INFO]   0.0% (0.0 MB)
2026-10-03 18:17:46 [INFO]   0.0% (0.0 MB)
2026-10-03 18:17:46 [INFO]   0.0% (0.0 MB)
2026-10-03 18:17:46 [INFO]   0.0% (0.0 MB)
2026-10-03 18:17:46 [INFO]   0.0% (0.0 MB)
2026-10-03 18:17:48 [INFO]   0.0% (1.0 MB)
2026-10-03 18:17:48 [INFO]   0.0% (1.0 MB)
2026-10-03 18:17:48 [INFO]   0.0% (1.0 MB)
2026-10-03 18:17:48 [INFO]   0.0% (1.0 MB)
2026-10-03 18:17:48 [INFO]   0.0% (1.0 MB)
2026-10-03 18:17:48 [INFO]   0.0% (1.0 MB)
2026-10-03 18:17:48 [INFO]   0.0% (1.0 MB)
2026-10-03 18:17:48 [INFO]   0.0% (1.0 MB)
2026-10-03 18:17:48 [INFO]   0.0% (1.0 MB)
2026-10-03 18:17:48 [INFO]   0.0% (1.0 MB)
2026-10-03 18:17:48 [INFO]   0.0% (1.0 MB)
2026-10-03 18:17:48 [INFO]   0.0% (1.0 MB)
2026-10-03 18:17:50 [INFO]   0.0% (2.0 MB)
2026-10-03 18:17:50 [INFO]   0.0% (2.0 MB)
2026-10-03 18:17:50 [INFO]   0.0% (2.0 MB)
2026-10-03 18:17:50 [INFO]   0.0% (2.0 MB)
2026-10-03 18:17:50 [INFO]   0.0% (2.0 MB)
2026-10-03 18:17:50 [INFO]   0.0% (2.0 MB)
2026-10-03 18:17:50 [INFO]   0.0% (2.0 MB)
2026-10-03 18:17:50 [INFO]   0.0% (2.0 MB)
2026-10-03 18:17:50 [INFO]   0.0% (2.0 MB)
2026-10-03 18:17:50 [INFO]   0.0% (2.0 MB)
2026-10-03 18:17:50 [INFO]   0.0% (2.0 MB)
2026-10-03 18:17:50 [INFO]   0.0% (2.0 MB)
2026-10-03 18:17:51 [INFO]   ✓ f87.jpg — 2.94 MB en 5.2s
2026-10-03 18:17:51 [INFO]   ⏸  Pausa 14.8s...
2026-10-03 18:18:06 [INFO] [70/122] f88
2026-10-03 18:18:09 [INFO]   0.0% (0.0 MB)
2026-10-03 18:18:09 [INFO]   0.0% (0.0 MB)
2026-10-03 18:18:09 [INFO]   0.0% (0.0 MB)
2026-10-03 18:18:09 [INFO]   0.0% (0.0 MB)
2026-10-03 18:18:09 [INFO]   0.0% (0.0 MB)
2026-10-03 18:18:09 [INFO]   0.0% (0.0 MB)
2026-10-03 18:18:09 [INFO]   0.0% (0.0 MB)
2026-10-03 18:18:09 [INFO]   0.0% (0.0 MB)
2026-10-03 18:18:09 [INFO]   0.0% (0.0 MB)
2026-10-03 18:18:09 [INFO]   0.0% (0.0 MB)
2026-10-03 18:18:09 [INFO]   0.0% (0.0 MB)
2026-10-03 18:18:11 [INFO]   0.0% (1.0 MB)
2026-10-03 18:18:11 [INFO]   0.0% (1.0 MB)
2026-10-03 18:18:11 [INFO]   0.0% (1.0 MB)
2026-10-03 18:18:11 [INFO]   0.0% (1.0 MB)
2026-10-03 18:18:11 [INFO]   0.0% (1.0 MB)
2026-10-03 18:18:11 [INFO]   0.0% (1.0 MB)
2026-10-03 18:18:11 [INFO]   0.0% (1.0 MB)
2026-10-03 18:18:11 [INFO]   0.0% (1.0 MB)
2026-10-03 18:18:11 [INFO]   0.0% (1.0 MB)
2026-10-03 18:18:11 [INFO]   0.0% (1.0 MB)
2026-10-03 18:18:11 [INFO]   0.0% (1.0 MB)
2026-10-03 18:18:11 [INFO]   0.0% (1.0 MB)
2026-10-03 18:18:13 [INFO]   0.0% (2.0 MB)
2026-10-03 18:18:13 [INFO]   0.0% (2.0 MB)
2026-10-03 18:18:13 [INFO]   0.0% (2.0 MB)
2026-10-03 18:18:13 [INFO]   0.0% (2.0 MB)
2026-10-03 18:18:13 [INFO]   0.0% (2.0 MB)
2026-10-03 18:18:13 [INFO]   0.0% (2.0 MB)
2026-10-03 18:18:13 [INFO]   0.0% (2.0 MB)
2026-10-03 18:18:13 [INFO]   0.0% (2.0 MB)
2026-10-03 18:18:13 [INFO]   0.0% (2.0 MB)
2026-10-03 18:18:13 [INFO]   0.0% (2.0 MB)
2026-10-03 18:18:13 [INFO]   0.0% (2.0 MB)
2026-10-03 18:18:13 [INFO]   0.0% (2.0 MB)
2026-10-03 18:18:14 [INFO]   ✓ f88.jpg — 2.99 MB en 5.5s
2026-10-03 18:18:14 [INFO]   ⏸  Pausa 9.6s...
2026-10-03 18:18:24 [INFO] [71/122] f89
2026-10-03 18:18:31 [INFO]   0.0% (0.0 MB)
2026-10-03 18:18:31 [INFO]   0.0% (0.0 MB)
2026-10-03 18:18:31 [INFO]   0.0% (0.0 MB)
2026-10-03 18:18:31 [INFO]   0.0% (0.0 MB)
2026-10-03 18:18:31 [INFO]   0.0% (0.0 MB)
2026-10-03 18:18:31 [INFO]   0.0% (0.0 MB)
2026-10-03 18:18:31 [INFO]   0.0% (0.0 MB)
2026-10-03 18:18:31 [INFO]   0.0% (0.0 MB)
2026-10-03 18:18:31 [INFO]   0.0% (0.0 MB)
2026-10-03 18:18:31 [INFO]   0.0% (0.0 MB)
2026-10-03 18:18:31 [INFO]   0.0% (0.0 MB)
2026-10-03 18:18:33 [INFO]   0.0% (1.0 MB)
2026-10-03 18:18:33 [INFO]   0.0% (1.0 MB)
2026-10-03 18:18:33 [INFO]   0.0% (1.0 MB)
2026-10-03 18:18:33 [INFO]   0.0% (1.0 MB)
2026-10-03 18:18:33 [INFO]   0.0% (1.0 MB)
2026-10-03 18:18:33 [INFO]   0.0% (1.0 MB)
2026-10-03 18:18:33 [INFO]   0.0% (1.0 MB)
2026-10-03 18:18:33 [INFO]   0.0% (1.0 MB)
2026-10-03 18:18:33 [INFO]   0.0% (1.0 MB)
2026-10-03 18:18:33 [INFO]   0.0% (1.0 MB)
2026-10-03 18:18:33 [INFO]   0.0% (1.0 MB)
2026-10-03 18:18:33 [INFO]   0.0% (1.0 MB)
2026-10-03 18:18:34 [INFO]   0.0% (2.0 MB)
2026-10-03 18:18:34 [INFO]   0.0% (2.0 MB)
2026-10-03 18:18:34 [INFO]   0.0% (2.0 MB)
2026-10-03 18:18:34 [INFO]   0.0% (2.0 MB)
2026-10-03 18:18:34 [INFO]   0.0% (2.0 MB)
2026-10-03 18:18:34 [INFO]   0.0% (2.0 MB)
2026-10-03 18:18:34 [INFO]   0.0% (2.0 MB)
2026-10-03 18:18:34 [INFO]   0.0% (2.0 MB)
2026-10-03 18:18:34 [INFO]   0.0% (2.0 MB)
2026-10-03 18:18:34 [INFO]   0.0% (2.0 MB)
2026-10-03 18:18:34 [INFO]   0.0% (2.0 MB)
2026-10-03 18:18:34 [INFO]   0.0% (2.0 MB)
2026-10-03 18:18:36 [INFO]   0.0% (3.0 MB)
2026-10-03 18:18:36 [INFO]   0.0% (3.0 MB)
2026-10-03 18:18:36 [INFO]   0.0% (3.0 MB)
2026-10-03 18:18:36 [INFO]   0.0% (3.0 MB)
2026-10-03 18:18:36 [INFO]   0.0% (3.0 MB)
2026-10-03 18:18:36 [INFO]   0.0% (3.0 MB)
2026-10-03 18:18:36 [INFO]   0.0% (3.0 MB)
2026-10-03 18:18:36 [INFO]   0.0% (3.0 MB)
2026-10-03 18:18:36 [INFO]   0.0% (3.0 MB)
2026-10-03 18:18:36 [INFO]   0.0% (3.0 MB)
2026-10-03 18:18:36 [INFO]   0.0% (3.0 MB)
2026-10-03 18:18:36 [INFO]   0.0% (3.0 MB)
2026-10-03 18:18:36 [INFO]   ✓ f89.jpg — 3.34 MB en 5.7s
2026-10-03 18:18:36 [INFO]   ⏸  Pausa 17.6s...
2026-10-03 18:18:54 [INFO] [72/122] f90
2026-10-03 18:18:58 [INFO]   0.0% (0.0 MB)
2026-10-03 18:18:58 [INFO]   0.0% (0.0 MB)
2026-10-03 18:18:58 [INFO]   0.0% (0.0 MB)
2026-10-03 18:18:58 [INFO]   0.0% (0.0 MB)
2026-10-03 18:18:58 [INFO]   0.0% (0.0 MB)
2026-10-03 18:18:58 [INFO]   0.0% (0.0 MB)
2026-10-03 18:18:58 [INFO]   0.0% (0.0 MB)
2026-10-03 18:18:58 [INFO]   0.0% (0.0 MB)
2026-10-03 18:18:58 [INFO]   0.0% (0.0 MB)
2026-10-03 18:18:58 [INFO]   0.0% (0.0 MB)
2026-10-03 18:18:58 [INFO]   0.0% (0.0 MB)
2026-10-03 18:19:00 [INFO]   0.0% (1.0 MB)
2026-10-03 18:19:00 [INFO]   0.0% (1.0 MB)
2026-10-03 18:19:00 [INFO]   0.0% (1.0 MB)
2026-10-03 18:19:00 [INFO]   0.0% (1.0 MB)
2026-10-03 18:19:00 [INFO]   0.0% (1.0 MB)
2026-10-03 18:19:00 [INFO]   0.0% (1.0 MB)
2026-10-03 18:19:00 [INFO]   0.0% (1.0 MB)
2026-10-03 18:19:00 [INFO]   0.0% (1.0 MB)
2026-10-03 18:19:00 [INFO]   0.0% (1.0 MB)
2026-10-03 18:19:00 [INFO]   0.0% (1.0 MB)
2026-10-03 18:19:00 [INFO]   0.0% (1.0 MB)
2026-10-03 18:19:00 [INFO]   0.0% (1.0 MB)
2026-10-03 18:19:01 [INFO]   0.0% (2.0 MB)
2026-10-03 18:19:01 [INFO]   0.0% (2.0 MB)
2026-10-03 18:19:02 [INFO]   0.0% (2.0 MB)
2026-10-03 18:19:02 [INFO]   0.0% (2.0 MB)
2026-10-03 18:19:02 [INFO]   0.0% (2.0 MB)
2026-10-03 18:19:02 [INFO]   0.0% (2.0 MB)
2026-10-03 18:19:02 [INFO]   0.0% (2.0 MB)
2026-10-03 18:19:02 [INFO]   0.0% (2.0 MB)
2026-10-03 18:19:02 [INFO]   0.0% (2.0 MB)
2026-10-03 18:19:02 [INFO]   0.0% (2.0 MB)
2026-10-03 18:19:02 [INFO]   0.0% (2.0 MB)
2026-10-03 18:19:02 [INFO]   0.0% (2.0 MB)
2026-10-03 18:19:03 [INFO]   ✓ f90.jpg — 2.87 MB en 4.8s
2026-10-03 18:19:03 [INFO]   ⏸  Pausa 9.8s...
2026-10-03 18:19:13 [INFO] [73/122] f91
2026-10-03 18:19:15 [INFO]   0.0% (0.0 MB)
2026-10-03 18:19:16 [INFO]   0.0% (0.0 MB)
2026-10-03 18:19:16 [INFO]   0.0% (0.0 MB)
2026-10-03 18:19:16 [INFO]   0.0% (0.0 MB)
2026-10-03 18:19:16 [INFO]   0.0% (0.0 MB)
2026-10-03 18:19:16 [INFO]   0.0% (0.0 MB)
2026-10-03 18:19:16 [INFO]   0.0% (0.0 MB)
2026-10-03 18:19:16 [INFO]   0.0% (0.0 MB)
2026-10-03 18:19:16 [INFO]   0.0% (0.0 MB)
2026-10-03 18:19:16 [INFO]   0.0% (0.0 MB)
2026-10-03 18:19:16 [INFO]   0.0% (0.0 MB)
2026-10-03 18:19:18 [INFO]   0.0% (1.0 MB)
2026-10-03 18:19:18 [INFO]   0.0% (1.0 MB)
2026-10-03 18:19:18 [INFO]   0.0% (1.0 MB)
2026-10-03 18:19:18 [INFO]   0.0% (1.0 MB)
2026-10-03 18:19:18 [INFO]   0.0% (1.0 MB)
2026-10-03 18:19:18 [INFO]   0.0% (1.0 MB)
2026-10-03 18:19:18 [INFO]   0.0% (1.0 MB)
2026-10-03 18:19:18 [INFO]   0.0% (1.0 MB)
2026-10-03 18:19:18 [INFO]   0.0% (1.0 MB)
2026-10-03 18:19:18 [INFO]   0.0% (1.0 MB)
2026-10-03 18:19:18 [INFO]   0.0% (1.0 MB)
2026-10-03 18:19:18 [INFO]   0.0% (1.0 MB)
2026-10-03 18:19:19 [INFO]   0.0% (2.0 MB)
2026-10-03 18:19:19 [INFO]   0.0% (2.0 MB)
2026-10-03 18:19:19 [INFO]   0.0% (2.0 MB)
2026-10-03 18:19:19 [INFO]   0.0% (2.0 MB)
2026-10-03 18:19:19 [INFO]   0.0% (2.0 MB)
2026-10-03 18:19:19 [INFO]   0.0% (2.0 MB)
2026-10-03 18:19:19 [INFO]   0.0% (2.0 MB)
2026-10-03 18:19:19 [INFO]   0.0% (2.0 MB)
2026-10-03 18:19:19 [INFO]   0.0% (2.0 MB)
2026-10-03 18:19:19 [INFO]   0.0% (2.0 MB)
2026-10-03 18:19:19 [INFO]   0.0% (2.0 MB)
2026-10-03 18:19:19 [INFO]   0.0% (2.0 MB)
2026-10-03 18:19:20 [INFO]   ✓ f91.jpg — 2.80 MB en 5.0s
2026-10-03 18:19:20 [INFO]   ⏸  Pausa 11.7s...
2026-10-03 18:19:32 [INFO] [74/122] f92
2026-10-03 18:19:35 [INFO]   0.0% (0.0 MB)
2026-10-03 18:19:35 [INFO]   0.0% (0.0 MB)
2026-10-03 18:19:35 [INFO]   0.0% (0.0 MB)
2026-10-03 18:19:35 [INFO]   0.0% (0.0 MB)
2026-10-03 18:19:35 [INFO]   0.0% (0.0 MB)
2026-10-03 18:19:35 [INFO]   0.0% (0.0 MB)
2026-10-03 18:19:35 [INFO]   0.0% (0.0 MB)
2026-10-03 18:19:35 [INFO]   0.0% (0.0 MB)
2026-10-03 18:19:35 [INFO]   0.0% (0.0 MB)
2026-10-03 18:19:35 [INFO]   0.0% (0.0 MB)
2026-10-03 18:19:35 [INFO]   0.0% (0.0 MB)
2026-10-03 18:19:37 [INFO]   0.0% (1.0 MB)
2026-10-03 18:19:37 [INFO]   0.0% (1.0 MB)
2026-10-03 18:19:37 [INFO]   0.0% (1.0 MB)
2026-10-03 18:19:37 [INFO]   0.0% (1.0 MB)
2026-10-03 18:19:37 [INFO]   0.0% (1.0 MB)
2026-10-03 18:19:37 [INFO]   0.0% (1.0 MB)
2026-10-03 18:19:37 [INFO]   0.0% (1.0 MB)
2026-10-03 18:19:37 [INFO]   0.0% (1.0 MB)
2026-10-03 18:19:37 [INFO]   0.0% (1.0 MB)
2026-10-03 18:19:37 [INFO]   0.0% (1.0 MB)
2026-10-03 18:19:37 [INFO]   0.0% (1.0 MB)
2026-10-03 18:19:37 [INFO]   0.0% (1.0 MB)
2026-10-03 18:19:39 [INFO]   0.0% (2.0 MB)
2026-10-03 18:19:39 [INFO]   0.0% (2.0 MB)
2026-10-03 18:19:39 [INFO]   0.0% (2.0 MB)
2026-10-03 18:19:39 [INFO]   0.0% (2.0 MB)
2026-10-03 18:19:39 [INFO]   0.0% (2.0 MB)
2026-10-03 18:19:39 [INFO]   0.0% (2.0 MB)
2026-10-03 18:19:39 [INFO]   0.0% (2.0 MB)
2026-10-03 18:19:39 [INFO]   0.0% (2.0 MB)
2026-10-03 18:19:39 [INFO]   0.0% (2.0 MB)
2026-10-03 18:19:39 [INFO]   0.0% (2.0 MB)
2026-10-03 18:19:39 [INFO]   0.0% (2.0 MB)
2026-10-03 18:19:39 [INFO]   0.0% (2.0 MB)
2026-10-03 18:19:40 [INFO]   0.0% (3.0 MB)
2026-10-03 18:19:40 [INFO]   0.0% (3.0 MB)
2026-10-03 18:19:40 [INFO]   0.0% (3.0 MB)
2026-10-03 18:19:40 [INFO]   0.0% (3.0 MB)
2026-10-03 18:19:40 [INFO]   0.0% (3.0 MB)
2026-10-03 18:19:40 [INFO]   0.0% (3.0 MB)
2026-10-03 18:19:40 [INFO]   0.0% (3.0 MB)
2026-10-03 18:19:40 [INFO]   0.0% (3.0 MB)
2026-10-03 18:19:40 [INFO]   0.0% (3.0 MB)
2026-10-03 18:19:40 [INFO]   0.0% (3.0 MB)
2026-10-03 18:19:40 [INFO]   0.0% (3.0 MB)
2026-10-03 18:19:40 [INFO]   0.0% (3.0 MB)
2026-10-03 18:19:40 [INFO]   ✓ f92.jpg — 3.08 MB en 5.3s
2026-10-03 18:19:40 [INFO]   ⏸  Pausa 18.1s...
2026-10-03 18:19:58 [INFO] [75/122] f93
2026-10-03 18:20:03 [INFO]   0.0% (0.0 MB)
2026-10-03 18:20:03 [INFO]   0.0% (0.0 MB)
2026-10-03 18:20:03 [INFO]   0.0% (0.0 MB)
2026-10-03 18:20:03 [INFO]   0.0% (0.0 MB)
2026-10-03 18:20:03 [INFO]   0.0% (0.0 MB)
2026-10-03 18:20:03 [INFO]   0.0% (0.0 MB)
2026-10-03 18:20:03 [INFO]   0.0% (0.0 MB)
2026-10-03 18:20:03 [INFO]   0.0% (0.0 MB)
2026-10-03 18:20:03 [INFO]   0.0% (0.0 MB)
2026-10-03 18:20:03 [INFO]   0.0% (0.0 MB)
2026-10-03 18:20:03 [INFO]   0.0% (0.0 MB)
2026-10-03 18:20:05 [INFO]   0.0% (1.0 MB)
2026-10-03 18:20:05 [INFO]   0.0% (1.0 MB)
2026-10-03 18:20:05 [INFO]   0.0% (1.0 MB)
2026-10-03 18:20:05 [INFO]   0.0% (1.0 MB)
2026-10-03 18:20:05 [INFO]   0.0% (1.0 MB)
2026-10-03 18:20:05 [INFO]   0.0% (1.0 MB)
2026-10-03 18:20:05 [INFO]   0.0% (1.0 MB)
2026-10-03 18:20:05 [INFO]   0.0% (1.0 MB)
2026-10-03 18:20:05 [INFO]   0.0% (1.0 MB)
2026-10-03 18:20:05 [INFO]   0.0% (1.0 MB)
2026-10-03 18:20:05 [INFO]   0.0% (1.0 MB)
2026-10-03 18:20:05 [INFO]   0.0% (1.0 MB)
2026-10-03 18:20:07 [INFO]   0.0% (2.0 MB)
2026-10-03 18:20:07 [INFO]   0.0% (2.0 MB)
2026-10-03 18:20:07 [INFO]   0.0% (2.0 MB)
2026-10-03 18:20:07 [INFO]   0.0% (2.0 MB)
2026-10-03 18:20:07 [INFO]   0.0% (2.0 MB)
2026-10-03 18:20:07 [INFO]   0.0% (2.0 MB)
2026-10-03 18:20:07 [INFO]   0.0% (2.0 MB)
2026-10-03 18:20:07 [INFO]   0.0% (2.0 MB)
2026-10-03 18:20:07 [INFO]   0.0% (2.0 MB)
2026-10-03 18:20:07 [INFO]   0.0% (2.0 MB)
2026-10-03 18:20:07 [INFO]   0.0% (2.0 MB)
2026-10-03 18:20:07 [INFO]   0.0% (2.0 MB)
2026-10-03 18:20:08 [INFO]   0.0% (3.0 MB)
2026-10-03 18:20:08 [INFO]   0.0% (3.0 MB)
2026-10-03 18:20:08 [INFO]   0.0% (3.0 MB)
2026-10-03 18:20:08 [INFO]   0.0% (3.0 MB)
2026-10-03 18:20:08 [INFO]   0.0% (3.0 MB)
2026-10-03 18:20:08 [INFO]   0.0% (3.0 MB)
2026-10-03 18:20:08 [INFO]   0.0% (3.0 MB)
2026-10-03 18:20:08 [INFO]   0.0% (3.0 MB)
2026-10-03 18:20:08 [INFO]   0.0% (3.0 MB)
2026-10-03 18:20:08 [INFO]   0.0% (3.0 MB)
2026-10-03 18:20:08 [INFO]   0.0% (3.0 MB)
2026-10-03 18:20:08 [INFO]   0.0% (3.0 MB)
2026-10-03 18:20:09 [INFO]   ✓ f93.jpg — 3.40 MB en 5.9s
2026-10-03 18:20:09 [INFO]   ⏸  Pausa 10.8s...
2026-10-03 18:20:20 [INFO] [76/122] f94
2026-10-03 18:20:22 [INFO]   0.0% (0.0 MB)
2026-10-03 18:20:23 [INFO]   0.0% (0.0 MB)
2026-10-03 18:20:23 [INFO]   0.0% (0.0 MB)
2026-10-03 18:20:23 [INFO]   0.0% (0.0 MB)
2026-10-03 18:20:23 [INFO]   0.0% (0.0 MB)
2026-10-03 18:20:23 [INFO]   0.0% (0.0 MB)
2026-10-03 18:20:23 [INFO]   0.0% (0.0 MB)
2026-10-03 18:20:23 [INFO]   0.0% (0.0 MB)
2026-10-03 18:20:23 [INFO]   0.0% (0.0 MB)
2026-10-03 18:20:23 [INFO]   0.0% (0.0 MB)
2026-10-03 18:20:23 [INFO]   0.0% (0.0 MB)
2026-10-03 18:20:25 [INFO]   0.0% (1.0 MB)
2026-10-03 18:20:25 [INFO]   0.0% (1.0 MB)
2026-10-03 18:20:25 [INFO]   0.0% (1.0 MB)
2026-10-03 18:20:25 [INFO]   0.0% (1.0 MB)
2026-10-03 18:20:25 [INFO]   0.0% (1.0 MB)
2026-10-03 18:20:25 [INFO]   0.0% (1.0 MB)
2026-10-03 18:20:25 [INFO]   0.0% (1.0 MB)
2026-10-03 18:20:25 [INFO]   0.0% (1.0 MB)
2026-10-03 18:20:25 [INFO]   0.0% (1.0 MB)
2026-10-03 18:20:25 [INFO]   0.0% (1.0 MB)
2026-10-03 18:20:25 [INFO]   0.0% (1.0 MB)
2026-10-03 18:20:25 [INFO]   0.0% (1.0 MB)
2026-10-03 18:20:27 [INFO]   0.0% (2.0 MB)
2026-10-03 18:20:27 [INFO]   0.0% (2.0 MB)
2026-10-03 18:20:27 [INFO]   0.0% (2.0 MB)
2026-10-03 18:20:27 [INFO]   0.0% (2.0 MB)
2026-10-03 18:20:27 [INFO]   0.0% (2.0 MB)
2026-10-03 18:20:27 [INFO]   0.0% (2.0 MB)
2026-10-03 18:20:27 [INFO]   0.0% (2.0 MB)
2026-10-03 18:20:27 [INFO]   0.0% (2.0 MB)
2026-10-03 18:20:27 [INFO]   0.0% (2.0 MB)
2026-10-03 18:20:27 [INFO]   0.0% (2.0 MB)
2026-10-03 18:20:27 [INFO]   0.0% (2.0 MB)
2026-10-03 18:20:27 [INFO]   0.0% (2.0 MB)
2026-10-03 18:20:28 [INFO]   ✓ f94.jpg — 2.82 MB en 5.7s
2026-10-03 18:20:28 [INFO]   ⏸  Pausa 16.5s...
2026-10-03 18:20:45 [INFO] [77/122] f95
2026-10-03 18:20:48 [INFO]   0.0% (0.0 MB)
2026-10-03 18:20:48 [INFO]   0.0% (0.0 MB)
2026-10-03 18:20:48 [INFO]   0.0% (0.0 MB)
2026-10-03 18:20:48 [INFO]   0.0% (0.0 MB)
2026-10-03 18:20:48 [INFO]   0.0% (0.0 MB)
2026-10-03 18:20:48 [INFO]   0.0% (0.0 MB)
2026-10-03 18:20:48 [INFO]   0.0% (0.0 MB)
2026-10-03 18:20:48 [INFO]   0.0% (0.0 MB)
2026-10-03 18:20:48 [INFO]   0.0% (0.0 MB)
2026-10-03 18:20:48 [INFO]   0.0% (0.0 MB)
2026-10-03 18:20:48 [INFO]   0.0% (0.0 MB)
2026-10-03 18:20:50 [INFO]   0.0% (1.0 MB)
2026-10-03 18:20:50 [INFO]   0.0% (1.0 MB)
2026-10-03 18:20:50 [INFO]   0.0% (1.0 MB)
2026-10-03 18:20:50 [INFO]   0.0% (1.0 MB)
2026-10-03 18:20:50 [INFO]   0.0% (1.0 MB)
2026-10-03 18:20:50 [INFO]   0.0% (1.0 MB)
2026-10-03 18:20:50 [INFO]   0.0% (1.0 MB)
2026-10-03 18:20:50 [INFO]   0.0% (1.0 MB)
2026-10-03 18:20:50 [INFO]   0.0% (1.0 MB)
2026-10-03 18:20:50 [INFO]   0.0% (1.0 MB)
2026-10-03 18:20:50 [INFO]   0.0% (1.0 MB)
2026-10-03 18:20:50 [INFO]   0.0% (1.0 MB)
2026-10-03 18:20:52 [INFO]   0.0% (2.0 MB)
2026-10-03 18:20:52 [INFO]   0.0% (2.0 MB)
2026-10-03 18:20:52 [INFO]   0.0% (2.0 MB)
2026-10-03 18:20:52 [INFO]   0.0% (2.0 MB)
2026-10-03 18:20:52 [INFO]   0.0% (2.0 MB)
2026-10-03 18:20:52 [INFO]   0.0% (2.0 MB)
2026-10-03 18:20:52 [INFO]   0.0% (2.0 MB)
2026-10-03 18:20:52 [INFO]   0.0% (2.0 MB)
2026-10-03 18:20:52 [INFO]   0.0% (2.0 MB)
2026-10-03 18:20:52 [INFO]   0.0% (2.0 MB)
2026-10-03 18:20:52 [INFO]   0.0% (2.0 MB)
2026-10-03 18:20:52 [INFO]   0.0% (2.0 MB)
2026-10-03 18:20:53 [INFO]   ✓ f95.jpg — 2.94 MB en 5.2s
2026-10-03 18:20:53 [INFO]   ⏸  Pausa 13.3s...
2026-10-03 18:21:06 [INFO] [78/122] f96
2026-10-03 18:21:09 [INFO]   0.0% (0.0 MB)
2026-10-03 18:21:09 [INFO]   0.0% (0.0 MB)
2026-10-03 18:21:09 [INFO]   0.0% (0.0 MB)
2026-10-03 18:21:09 [INFO]   0.0% (0.0 MB)
2026-10-03 18:21:09 [INFO]   0.0% (0.0 MB)
2026-10-03 18:21:09 [INFO]   0.0% (0.0 MB)
2026-10-03 18:21:09 [INFO]   0.0% (0.0 MB)
2026-10-03 18:21:09 [INFO]   0.0% (0.0 MB)
2026-10-03 18:21:09 [INFO]   0.0% (0.0 MB)
2026-10-03 18:21:09 [INFO]   0.0% (0.0 MB)
2026-10-03 18:21:09 [INFO]   0.0% (0.0 MB)
2026-10-03 18:21:12 [INFO]   0.0% (1.0 MB)
2026-10-03 18:21:12 [INFO]   0.0% (1.0 MB)
2026-10-03 18:21:12 [INFO]   0.0% (1.0 MB)
2026-10-03 18:21:12 [INFO]   0.0% (1.0 MB)
2026-10-03 18:21:12 [INFO]   0.0% (1.0 MB)
2026-10-03 18:21:12 [INFO]   0.0% (1.0 MB)
2026-10-03 18:21:12 [INFO]   0.0% (1.0 MB)
2026-10-03 18:21:12 [INFO]   0.0% (1.0 MB)
2026-10-03 18:21:12 [INFO]   0.0% (1.0 MB)
2026-10-03 18:21:12 [INFO]   0.0% (1.0 MB)
2026-10-03 18:21:12 [INFO]   0.0% (1.0 MB)
2026-10-03 18:21:12 [INFO]   0.0% (1.0 MB)
2026-10-03 18:21:13 [INFO]   0.0% (2.0 MB)
2026-10-03 18:21:13 [INFO]   0.0% (2.0 MB)
2026-10-03 18:21:13 [INFO]   0.0% (2.0 MB)
2026-10-03 18:21:13 [INFO]   0.0% (2.0 MB)
2026-10-03 18:21:13 [INFO]   0.0% (2.0 MB)
2026-10-03 18:21:13 [INFO]   0.0% (2.0 MB)
2026-10-03 18:21:13 [INFO]   0.0% (2.0 MB)
2026-10-03 18:21:13 [INFO]   0.0% (2.0 MB)
2026-10-03 18:21:13 [INFO]   0.0% (2.0 MB)
2026-10-03 18:21:13 [INFO]   0.0% (2.0 MB)
2026-10-03 18:21:13 [INFO]   0.0% (2.0 MB)
2026-10-03 18:21:13 [INFO]   0.0% (2.0 MB)
2026-10-03 18:21:15 [INFO]   0.0% (3.0 MB)
2026-10-03 18:21:15 [INFO]   0.0% (3.0 MB)
2026-10-03 18:21:15 [INFO]   0.0% (3.0 MB)
2026-10-03 18:21:15 [INFO]   0.0% (3.0 MB)
2026-10-03 18:21:15 [INFO]   0.0% (3.0 MB)
2026-10-03 18:21:15 [INFO]   0.0% (3.0 MB)
2026-10-03 18:21:15 [INFO]   0.0% (3.0 MB)
2026-10-03 18:21:15 [INFO]   0.0% (3.0 MB)
2026-10-03 18:21:15 [INFO]   0.0% (3.0 MB)
2026-10-03 18:21:15 [INFO]   0.0% (3.0 MB)
2026-10-03 18:21:15 [INFO]   0.0% (3.0 MB)
2026-10-03 18:21:15 [INFO]   0.0% (3.0 MB)
2026-10-03 18:21:15 [INFO]   ✓ f96.jpg — 3.31 MB en 6.2s
2026-10-03 18:21:15 [INFO]   ⏸  Pausa 8.1s...
2026-10-03 18:21:23 [INFO] [79/122] f97
2026-10-03 18:21:26 [INFO]   0.0% (0.0 MB)
2026-10-03 18:21:27 [INFO]   0.0% (0.0 MB)
2026-10-03 18:21:27 [INFO]   0.0% (0.0 MB)
2026-10-03 18:21:27 [INFO]   0.0% (0.0 MB)
2026-10-03 18:21:27 [INFO]   0.0% (0.0 MB)
2026-10-03 18:21:27 [INFO]   0.0% (0.0 MB)
2026-10-03 18:21:27 [INFO]   0.0% (0.0 MB)
2026-10-03 18:21:27 [INFO]   0.0% (0.0 MB)
2026-10-03 18:21:27 [INFO]   0.0% (0.0 MB)
2026-10-03 18:21:27 [INFO]   0.0% (0.0 MB)
2026-10-03 18:21:27 [INFO]   0.0% (0.0 MB)
2026-10-03 18:21:29 [INFO]   0.0% (1.0 MB)
2026-10-03 18:21:29 [INFO]   0.0% (1.0 MB)
2026-10-03 18:21:29 [INFO]   0.0% (1.0 MB)
2026-10-03 18:21:29 [INFO]   0.0% (1.0 MB)
2026-10-03 18:21:29 [INFO]   0.0% (1.0 MB)
2026-10-03 18:21:29 [INFO]   0.0% (1.0 MB)
2026-10-03 18:21:29 [INFO]   0.0% (1.0 MB)
2026-10-03 18:21:29 [INFO]   0.0% (1.0 MB)
2026-10-03 18:21:29 [INFO]   0.0% (1.0 MB)
2026-10-03 18:21:29 [INFO]   0.0% (1.0 MB)
2026-10-03 18:21:29 [INFO]   0.0% (1.0 MB)
2026-10-03 18:21:29 [INFO]   0.0% (1.0 MB)
2026-10-03 18:21:31 [INFO]   0.0% (2.0 MB)
2026-10-03 18:21:31 [INFO]   0.0% (2.0 MB)
2026-10-03 18:21:31 [INFO]   0.0% (2.0 MB)
2026-10-03 18:21:31 [INFO]   0.0% (2.0 MB)
2026-10-03 18:21:31 [INFO]   0.0% (2.0 MB)
2026-10-03 18:21:31 [INFO]   0.0% (2.0 MB)
2026-10-03 18:21:31 [INFO]   0.0% (2.0 MB)
2026-10-03 18:21:31 [INFO]   0.0% (2.0 MB)
2026-10-03 18:21:31 [INFO]   0.0% (2.0 MB)
2026-10-03 18:21:31 [INFO]   0.0% (2.0 MB)
2026-10-03 18:21:31 [INFO]   0.0% (2.0 MB)
2026-10-03 18:21:31 [INFO]   0.0% (2.0 MB)
2026-10-03 18:21:32 [INFO]   0.0% (3.0 MB)
2026-10-03 18:21:32 [INFO]   0.0% (3.0 MB)
2026-10-03 18:21:32 [INFO]   0.0% (3.0 MB)
2026-10-03 18:21:32 [INFO]   0.0% (3.0 MB)
2026-10-03 18:21:32 [INFO]   0.0% (3.0 MB)
2026-10-03 18:21:32 [INFO]   0.0% (3.0 MB)
2026-10-03 18:21:32 [INFO]   0.0% (3.0 MB)
2026-10-03 18:21:32 [INFO]   0.0% (3.0 MB)
2026-10-03 18:21:32 [INFO]   0.0% (3.0 MB)
2026-10-03 18:21:32 [INFO]   0.0% (3.0 MB)
2026-10-03 18:21:32 [INFO]   0.0% (3.0 MB)
2026-10-03 18:21:32 [INFO]   0.0% (3.0 MB)
2026-10-03 18:21:33 [INFO]   ✓ f97.jpg — 3.35 MB en 6.1s
2026-10-03 18:21:33 [INFO]   ⏸  Pausa 17.7s...
2026-10-03 18:21:50 [INFO] [80/122] f98
2026-10-03 18:21:53 [INFO]   0.0% (0.0 MB)
2026-10-03 18:21:54 [INFO]   0.0% (0.0 MB)
2026-10-03 18:21:54 [INFO]   0.0% (0.0 MB)
2026-10-03 18:21:54 [INFO]   0.0% (0.0 MB)
2026-10-03 18:21:54 [INFO]   0.0% (0.0 MB)
2026-10-03 18:21:54 [INFO]   0.0% (0.0 MB)
2026-10-03 18:21:54 [INFO]   0.0% (0.0 MB)
2026-10-03 18:21:54 [INFO]   0.0% (0.0 MB)
2026-10-03 18:21:54 [INFO]   0.0% (0.0 MB)
2026-10-03 18:21:54 [INFO]   0.0% (0.0 MB)
2026-10-03 18:21:54 [INFO]   0.0% (0.0 MB)
2026-10-03 18:21:56 [INFO]   0.0% (1.0 MB)
2026-10-03 18:21:56 [INFO]   0.0% (1.0 MB)
2026-10-03 18:21:56 [INFO]   0.0% (1.0 MB)
2026-10-03 18:21:56 [INFO]   0.0% (1.0 MB)
2026-10-03 18:21:56 [INFO]   0.0% (1.0 MB)
2026-10-03 18:21:56 [INFO]   0.0% (1.0 MB)
2026-10-03 18:21:56 [INFO]   0.0% (1.0 MB)
2026-10-03 18:21:56 [INFO]   0.0% (1.0 MB)
2026-10-03 18:21:56 [INFO]   0.0% (1.0 MB)
2026-10-03 18:21:56 [INFO]   0.0% (1.0 MB)
2026-10-03 18:21:56 [INFO]   0.0% (1.0 MB)
2026-10-03 18:21:56 [INFO]   0.0% (1.0 MB)
2026-10-03 18:21:57 [INFO]   0.0% (2.0 MB)
2026-10-03 18:21:57 [INFO]   0.0% (2.0 MB)
2026-10-03 18:21:57 [INFO]   0.0% (2.0 MB)
2026-10-03 18:21:57 [INFO]   0.0% (2.0 MB)
2026-10-03 18:21:57 [INFO]   0.0% (2.0 MB)
2026-10-03 18:21:57 [INFO]   0.0% (2.0 MB)
2026-10-03 18:21:57 [INFO]   0.0% (2.0 MB)
2026-10-03 18:21:57 [INFO]   0.0% (2.0 MB)
2026-10-03 18:21:57 [INFO]   0.0% (2.0 MB)
2026-10-03 18:21:57 [INFO]   0.0% (2.0 MB)
2026-10-03 18:21:57 [INFO]   0.0% (2.0 MB)
2026-10-03 18:21:57 [INFO]   0.0% (2.0 MB)
2026-10-03 18:21:58 [INFO]   ✓ f98.jpg — 2.71 MB en 4.7s
2026-10-03 18:21:58 [INFO]   ⏸  Pausa 13.8s...
2026-10-03 18:22:12 [INFO] [81/122] f99
2026-10-03 18:22:15 [INFO]   0.0% (0.0 MB)
2026-10-03 18:22:15 [INFO]   0.0% (0.0 MB)
2026-10-03 18:22:15 [INFO]   0.0% (0.0 MB)
2026-10-03 18:22:15 [INFO]   0.0% (0.0 MB)
2026-10-03 18:22:15 [INFO]   0.0% (0.0 MB)
2026-10-03 18:22:15 [INFO]   0.0% (0.0 MB)
2026-10-03 18:22:15 [INFO]   0.0% (0.0 MB)
2026-10-03 18:22:15 [INFO]   0.0% (0.0 MB)
2026-10-03 18:22:15 [INFO]   0.0% (0.0 MB)
2026-10-03 18:22:15 [INFO]   0.0% (0.0 MB)
2026-10-03 18:22:15 [INFO]   0.0% (0.0 MB)
2026-10-03 18:22:17 [INFO]   0.0% (1.0 MB)
2026-10-03 18:22:17 [INFO]   0.0% (1.0 MB)
2026-10-03 18:22:17 [INFO]   0.0% (1.0 MB)
2026-10-03 18:22:17 [INFO]   0.0% (1.0 MB)
2026-10-03 18:22:17 [INFO]   0.0% (1.0 MB)
2026-10-03 18:22:17 [INFO]   0.0% (1.0 MB)
2026-10-03 18:22:17 [INFO]   0.0% (1.0 MB)
2026-10-03 18:22:17 [INFO]   0.0% (1.0 MB)
2026-10-03 18:22:17 [INFO]   0.0% (1.0 MB)
2026-10-03 18:22:17 [INFO]   0.0% (1.0 MB)
2026-10-03 18:22:17 [INFO]   0.0% (1.0 MB)
2026-10-03 18:22:17 [INFO]   0.0% (1.0 MB)
2026-10-03 18:22:19 [INFO]   0.0% (2.0 MB)
2026-10-03 18:22:19 [INFO]   0.0% (2.0 MB)
2026-10-03 18:22:19 [INFO]   0.0% (2.0 MB)
2026-10-03 18:22:19 [INFO]   0.0% (2.0 MB)
2026-10-03 18:22:19 [INFO]   0.0% (2.0 MB)
2026-10-03 18:22:19 [INFO]   0.0% (2.0 MB)
2026-10-03 18:22:19 [INFO]   0.0% (2.0 MB)
2026-10-03 18:22:19 [INFO]   0.0% (2.0 MB)
2026-10-03 18:22:19 [INFO]   0.0% (2.0 MB)
2026-10-03 18:22:19 [INFO]   0.0% (2.0 MB)
2026-10-03 18:22:19 [INFO]   0.0% (2.0 MB)
2026-10-03 18:22:19 [INFO]   0.0% (2.0 MB)
2026-10-03 18:22:20 [INFO]   ✓ f99.jpg — 2.69 MB en 4.9s
2026-10-03 18:22:20 [INFO]   ⏸  Pausa 17.0s...
2026-10-03 18:22:37 [INFO] [82/122] f100
2026-10-03 18:22:40 [INFO]   0.0% (0.0 MB)
2026-10-03 18:22:40 [INFO]   0.0% (0.0 MB)
2026-10-03 18:22:40 [INFO]   0.0% (0.0 MB)
2026-10-03 18:22:40 [INFO]   0.0% (0.0 MB)
2026-10-03 18:22:40 [INFO]   0.0% (0.0 MB)
2026-10-03 18:22:40 [INFO]   0.0% (0.0 MB)
2026-10-03 18:22:40 [INFO]   0.0% (0.0 MB)
2026-10-03 18:22:40 [INFO]   0.0% (0.0 MB)
2026-10-03 18:22:40 [INFO]   0.0% (0.0 MB)
2026-10-03 18:22:40 [INFO]   0.0% (0.0 MB)
2026-10-03 18:22:40 [INFO]   0.0% (0.0 MB)
2026-10-03 18:22:43 [INFO]   0.0% (1.0 MB)
2026-10-03 18:22:43 [INFO]   0.0% (1.0 MB)
2026-10-03 18:22:43 [INFO]   0.0% (1.0 MB)
2026-10-03 18:22:43 [INFO]   0.0% (1.0 MB)
2026-10-03 18:22:43 [INFO]   0.0% (1.0 MB)
2026-10-03 18:22:43 [INFO]   0.0% (1.0 MB)
2026-10-03 18:22:43 [INFO]   0.0% (1.0 MB)
2026-10-03 18:22:43 [INFO]   0.0% (1.0 MB)
2026-10-03 18:22:43 [INFO]   0.0% (1.0 MB)
2026-10-03 18:22:43 [INFO]   0.0% (1.0 MB)
2026-10-03 18:22:43 [INFO]   0.0% (1.0 MB)
2026-10-03 18:22:43 [INFO]   0.0% (1.0 MB)
2026-10-03 18:22:44 [INFO]   0.0% (2.0 MB)
2026-10-03 18:22:44 [INFO]   0.0% (2.0 MB)
2026-10-03 18:22:44 [INFO]   0.0% (2.0 MB)
2026-10-03 18:22:44 [INFO]   0.0% (2.0 MB)
2026-10-03 18:22:44 [INFO]   0.0% (2.0 MB)
2026-10-03 18:22:44 [INFO]   0.0% (2.0 MB)
2026-10-03 18:22:44 [INFO]   0.0% (2.0 MB)
2026-10-03 18:22:44 [INFO]   0.0% (2.0 MB)
2026-10-03 18:22:44 [INFO]   0.0% (2.0 MB)
2026-10-03 18:22:44 [INFO]   0.0% (2.0 MB)
2026-10-03 18:22:44 [INFO]   0.0% (2.0 MB)
2026-10-03 18:22:44 [INFO]   0.0% (2.0 MB)
2026-10-03 18:22:45 [INFO]   ✓ f100.jpg — 2.84 MB en 5.3s
2026-10-03 18:22:45 [INFO]   ⏸  Pausa 12.9s...
2026-10-03 18:22:58 [INFO] [83/122] f101
2026-10-03 18:23:01 [INFO]   0.0% (0.0 MB)
2026-10-03 18:23:02 [INFO]   0.0% (0.0 MB)
2026-10-03 18:23:02 [INFO]   0.0% (0.0 MB)
2026-10-03 18:23:02 [INFO]   0.0% (0.0 MB)
2026-10-03 18:23:02 [INFO]   0.0% (0.0 MB)
2026-10-03 18:23:02 [INFO]   0.0% (0.0 MB)
2026-10-03 18:23:02 [INFO]   0.0% (0.0 MB)
2026-10-03 18:23:02 [INFO]   0.0% (0.0 MB)
2026-10-03 18:23:02 [INFO]   0.0% (0.0 MB)
2026-10-03 18:23:02 [INFO]   0.0% (0.0 MB)
2026-10-03 18:23:02 [INFO]   0.0% (0.0 MB)
2026-10-03 18:23:04 [INFO]   0.0% (1.0 MB)
2026-10-03 18:23:04 [INFO]   0.0% (1.0 MB)
2026-10-03 18:23:04 [INFO]   0.0% (1.0 MB)
2026-10-03 18:23:04 [INFO]   0.0% (1.0 MB)
2026-10-03 18:23:04 [INFO]   0.0% (1.0 MB)
2026-10-03 18:23:04 [INFO]   0.0% (1.0 MB)
2026-10-03 18:23:04 [INFO]   0.0% (1.0 MB)
2026-10-03 18:23:04 [INFO]   0.0% (1.0 MB)
2026-10-03 18:23:04 [INFO]   0.0% (1.0 MB)
2026-10-03 18:23:04 [INFO]   0.0% (1.0 MB)
2026-10-03 18:23:04 [INFO]   0.0% (1.0 MB)
2026-10-03 18:23:04 [INFO]   0.0% (1.0 MB)
2026-10-03 18:23:05 [INFO]   0.0% (2.0 MB)
2026-10-03 18:23:05 [INFO]   0.0% (2.0 MB)
2026-10-03 18:23:05 [INFO]   0.0% (2.0 MB)
2026-10-03 18:23:05 [INFO]   0.0% (2.0 MB)
2026-10-03 18:23:05 [INFO]   0.0% (2.0 MB)
2026-10-03 18:23:05 [INFO]   0.0% (2.0 MB)
2026-10-03 18:23:05 [INFO]   0.0% (2.0 MB)
2026-10-03 18:23:05 [INFO]   0.0% (2.0 MB)
2026-10-03 18:23:05 [INFO]   0.0% (2.0 MB)
2026-10-03 18:23:05 [INFO]   0.0% (2.0 MB)
2026-10-03 18:23:05 [INFO]   0.0% (2.0 MB)
2026-10-03 18:23:05 [INFO]   0.0% (2.0 MB)
2026-10-03 18:23:07 [INFO]   0.0% (3.0 MB)
2026-10-03 18:23:07 [INFO]   0.0% (3.0 MB)
2026-10-03 18:23:07 [INFO]   0.0% (3.0 MB)
2026-10-03 18:23:07 [INFO]   0.0% (3.0 MB)
2026-10-03 18:23:07 [INFO]   0.0% (3.0 MB)
2026-10-03 18:23:07 [INFO]   0.0% (3.0 MB)
2026-10-03 18:23:07 [INFO]   0.0% (3.0 MB)
2026-10-03 18:23:07 [INFO]   0.0% (3.0 MB)
2026-10-03 18:23:07 [INFO]   0.0% (3.0 MB)
2026-10-03 18:23:07 [INFO]   0.0% (3.0 MB)
2026-10-03 18:23:07 [INFO]   0.0% (3.0 MB)
2026-10-03 18:23:07 [INFO]   0.0% (3.0 MB)
2026-10-03 18:23:07 [INFO]   ✓ f101.jpg — 3.21 MB en 5.7s
2026-10-03 18:23:07 [INFO]   ⏸  Pausa 10.6s...
2026-10-03 18:23:18 [INFO] [84/122] f102
2026-10-03 18:23:21 [INFO]   0.0% (0.0 MB)
2026-10-03 18:23:21 [INFO]   0.0% (0.0 MB)
2026-10-03 18:23:21 [INFO]   0.0% (0.0 MB)
2026-10-03 18:23:21 [INFO]   0.0% (0.0 MB)
2026-10-03 18:23:21 [INFO]   0.0% (0.0 MB)
2026-10-03 18:23:21 [INFO]   0.0% (0.0 MB)
2026-10-03 18:23:21 [INFO]   0.0% (0.0 MB)
2026-10-03 18:23:21 [INFO]   0.0% (0.0 MB)
2026-10-03 18:23:21 [INFO]   0.0% (0.0 MB)
2026-10-03 18:23:21 [INFO]   0.0% (0.0 MB)
2026-10-03 18:23:21 [INFO]   0.0% (0.0 MB)
2026-10-03 18:23:23 [INFO]   0.0% (1.0 MB)
2026-10-03 18:23:23 [INFO]   0.0% (1.0 MB)
2026-10-03 18:23:23 [INFO]   0.0% (1.0 MB)
2026-10-03 18:23:23 [INFO]   0.0% (1.0 MB)
2026-10-03 18:23:23 [INFO]   0.0% (1.0 MB)
2026-10-03 18:23:23 [INFO]   0.0% (1.0 MB)
2026-10-03 18:23:23 [INFO]   0.0% (1.0 MB)
2026-10-03 18:23:23 [INFO]   0.0% (1.0 MB)
2026-10-03 18:23:23 [INFO]   0.0% (1.0 MB)
2026-10-03 18:23:23 [INFO]   0.0% (1.0 MB)
2026-10-03 18:23:23 [INFO]   0.0% (1.0 MB)
2026-10-03 18:23:23 [INFO]   0.0% (1.0 MB)
2026-10-03 18:23:25 [INFO]   0.0% (2.0 MB)
2026-10-03 18:23:25 [INFO]   0.0% (2.0 MB)
2026-10-03 18:23:25 [INFO]   0.0% (2.0 MB)
2026-10-03 18:23:25 [INFO]   0.0% (2.0 MB)
2026-10-03 18:23:25 [INFO]   0.0% (2.0 MB)
2026-10-03 18:23:25 [INFO]   0.0% (2.0 MB)
2026-10-03 18:23:25 [INFO]   0.0% (2.0 MB)
2026-10-03 18:23:25 [INFO]   0.0% (2.0 MB)
2026-10-03 18:23:25 [INFO]   0.0% (2.0 MB)
2026-10-03 18:23:25 [INFO]   0.0% (2.0 MB)
2026-10-03 18:23:25 [INFO]   0.0% (2.0 MB)
2026-10-03 18:23:25 [INFO]   0.0% (2.0 MB)
2026-10-03 18:23:26 [INFO]   ✓ f102.jpg — 2.65 MB en 5.1s
2026-10-03 18:23:26 [INFO]   ⏸  Pausa 14.4s...
2026-10-03 18:23:40 [INFO] [85/122] f103
2026-10-03 18:23:43 [INFO]   0.0% (0.0 MB)
2026-10-03 18:23:43 [INFO]   0.0% (0.0 MB)
2026-10-03 18:23:43 [INFO]   0.0% (0.0 MB)
2026-10-03 18:23:43 [INFO]   0.0% (0.0 MB)
2026-10-03 18:23:43 [INFO]   0.0% (0.0 MB)
2026-10-03 18:23:43 [INFO]   0.0% (0.0 MB)
2026-10-03 18:23:43 [INFO]   0.0% (0.0 MB)
2026-10-03 18:23:43 [INFO]   0.0% (0.0 MB)
2026-10-03 18:23:43 [INFO]   0.0% (0.0 MB)
2026-10-03 18:23:43 [INFO]   0.0% (0.0 MB)
2026-10-03 18:23:43 [INFO]   0.0% (0.0 MB)
2026-10-03 18:23:45 [INFO]   0.0% (1.0 MB)
2026-10-03 18:23:45 [INFO]   0.0% (1.0 MB)
2026-10-03 18:23:45 [INFO]   0.0% (1.0 MB)
2026-10-03 18:23:45 [INFO]   0.0% (1.0 MB)
2026-10-03 18:23:45 [INFO]   0.0% (1.0 MB)
2026-10-03 18:23:45 [INFO]   0.0% (1.0 MB)
2026-10-03 18:23:45 [INFO]   0.0% (1.0 MB)
2026-10-03 18:23:45 [INFO]   0.0% (1.0 MB)
2026-10-03 18:23:45 [INFO]   0.0% (1.0 MB)
2026-10-03 18:23:45 [INFO]   0.0% (1.0 MB)
2026-10-03 18:23:45 [INFO]   0.0% (1.0 MB)
2026-10-03 18:23:45 [INFO]   0.0% (1.0 MB)
2026-10-03 18:23:47 [INFO]   0.0% (2.0 MB)
2026-10-03 18:23:47 [INFO]   0.0% (2.0 MB)
2026-10-03 18:23:47 [INFO]   0.0% (2.0 MB)
2026-10-03 18:23:47 [INFO]   0.0% (2.0 MB)
2026-10-03 18:23:47 [INFO]   0.0% (2.0 MB)
2026-10-03 18:23:47 [INFO]   0.0% (2.0 MB)
2026-10-03 18:23:47 [INFO]   0.0% (2.0 MB)
2026-10-03 18:23:47 [INFO]   0.0% (2.0 MB)
2026-10-03 18:23:47 [INFO]   0.0% (2.0 MB)
2026-10-03 18:23:47 [INFO]   0.0% (2.0 MB)
2026-10-03 18:23:47 [INFO]   0.0% (2.0 MB)
2026-10-03 18:23:47 [INFO]   0.0% (2.0 MB)
2026-10-03 18:23:48 [INFO]   ✓ f103.jpg — 2.83 MB en 5.4s
2026-10-03 18:23:48 [INFO]   ⏸  Pausa 12.8s...
2026-10-03 18:24:01 [INFO] [86/122] f104
2026-10-03 18:24:04 [INFO]   0.0% (0.0 MB)
2026-10-03 18:24:04 [INFO]   0.0% (0.0 MB)
2026-10-03 18:24:04 [INFO]   0.0% (0.0 MB)
2026-10-03 18:24:04 [INFO]   0.0% (0.0 MB)
2026-10-03 18:24:04 [INFO]   0.0% (0.0 MB)
2026-10-03 18:24:04 [INFO]   0.0% (0.0 MB)
2026-10-03 18:24:04 [INFO]   0.0% (0.0 MB)
2026-10-03 18:24:04 [INFO]   0.0% (0.0 MB)
2026-10-03 18:24:04 [INFO]   0.0% (0.0 MB)
2026-10-03 18:24:04 [INFO]   0.0% (0.0 MB)
2026-10-03 18:24:04 [INFO]   0.0% (0.0 MB)
2026-10-03 18:24:06 [INFO]   0.0% (1.0 MB)
2026-10-03 18:24:06 [INFO]   0.0% (1.0 MB)
2026-10-03 18:24:06 [INFO]   0.0% (1.0 MB)
2026-10-03 18:24:06 [INFO]   0.0% (1.0 MB)
2026-10-03 18:24:06 [INFO]   0.0% (1.0 MB)
2026-10-03 18:24:06 [INFO]   0.0% (1.0 MB)
2026-10-03 18:24:06 [INFO]   0.0% (1.0 MB)
2026-10-03 18:24:06 [INFO]   0.0% (1.0 MB)
2026-10-03 18:24:06 [INFO]   0.0% (1.0 MB)
2026-10-03 18:24:06 [INFO]   0.0% (1.0 MB)
2026-10-03 18:24:06 [INFO]   0.0% (1.0 MB)
2026-10-03 18:24:06 [INFO]   0.0% (1.0 MB)
2026-10-03 18:24:07 [INFO]   0.0% (2.0 MB)
2026-10-03 18:24:07 [INFO]   0.0% (2.0 MB)
2026-10-03 18:24:07 [INFO]   0.0% (2.0 MB)
2026-10-03 18:24:07 [INFO]   0.0% (2.0 MB)
2026-10-03 18:24:07 [INFO]   0.0% (2.0 MB)
2026-10-03 18:24:07 [INFO]   0.0% (2.0 MB)
2026-10-03 18:24:07 [INFO]   0.0% (2.0 MB)
2026-10-03 18:24:07 [INFO]   0.0% (2.0 MB)
2026-10-03 18:24:07 [INFO]   0.0% (2.0 MB)
2026-10-03 18:24:07 [INFO]   0.0% (2.0 MB)
2026-10-03 18:24:07 [INFO]   0.0% (2.0 MB)
2026-10-03 18:24:07 [INFO]   0.0% (2.0 MB)
2026-10-03 18:24:09 [INFO]   0.0% (3.0 MB)
2026-10-03 18:24:09 [INFO]   0.0% (3.0 MB)
2026-10-03 18:24:09 [INFO]   0.0% (3.0 MB)
2026-10-03 18:24:09 [INFO]   0.0% (3.0 MB)
2026-10-03 18:24:09 [INFO]   0.0% (3.0 MB)
2026-10-03 18:24:09 [INFO]   0.0% (3.0 MB)
2026-10-03 18:24:09 [INFO]   0.0% (3.0 MB)
2026-10-03 18:24:09 [INFO]   0.0% (3.0 MB)
2026-10-03 18:24:09 [INFO]   0.0% (3.0 MB)
2026-10-03 18:24:09 [INFO]   0.0% (3.0 MB)
2026-10-03 18:24:09 [INFO]   0.0% (3.0 MB)
2026-10-03 18:24:09 [INFO]   0.0% (3.0 MB)
2026-10-03 18:24:09 [INFO]   ✓ f104.jpg — 3.14 MB en 5.4s
2026-10-03 18:24:09 [INFO]   ⏸  Pausa 14.2s...
2026-10-03 18:24:23 [INFO] [87/122] f105
2026-10-03 18:24:26 [INFO]   0.0% (0.0 MB)
2026-10-03 18:24:26 [INFO]   0.0% (0.0 MB)
2026-10-03 18:24:26 [INFO]   0.0% (0.0 MB)
2026-10-03 18:24:26 [INFO]   0.0% (0.0 MB)
2026-10-03 18:24:26 [INFO]   0.0% (0.0 MB)
2026-10-03 18:24:26 [INFO]   0.0% (0.0 MB)
2026-10-03 18:24:26 [INFO]   0.0% (0.0 MB)
2026-10-03 18:24:26 [INFO]   0.0% (0.0 MB)
2026-10-03 18:24:26 [INFO]   0.0% (0.0 MB)
2026-10-03 18:24:26 [INFO]   0.0% (0.0 MB)
2026-10-03 18:24:26 [INFO]   0.0% (0.0 MB)
2026-10-03 18:24:28 [INFO]   0.0% (1.0 MB)
2026-10-03 18:24:28 [INFO]   0.0% (1.0 MB)
2026-10-03 18:24:28 [INFO]   0.0% (1.0 MB)
2026-10-03 18:24:28 [INFO]   0.0% (1.0 MB)
2026-10-03 18:24:28 [INFO]   0.0% (1.0 MB)
2026-10-03 18:24:28 [INFO]   0.0% (1.0 MB)
2026-10-03 18:24:28 [INFO]   0.0% (1.0 MB)
2026-10-03 18:24:28 [INFO]   0.0% (1.0 MB)
2026-10-03 18:24:28 [INFO]   0.0% (1.0 MB)
2026-10-03 18:24:28 [INFO]   0.0% (1.0 MB)
2026-10-03 18:24:28 [INFO]   0.0% (1.0 MB)
2026-10-03 18:24:28 [INFO]   0.0% (1.0 MB)
2026-10-03 18:24:30 [INFO]   0.0% (2.0 MB)
2026-10-03 18:24:30 [INFO]   0.0% (2.0 MB)
2026-10-03 18:24:30 [INFO]   0.0% (2.0 MB)
2026-10-03 18:24:30 [INFO]   0.0% (2.0 MB)
2026-10-03 18:24:30 [INFO]   0.0% (2.0 MB)
2026-10-03 18:24:30 [INFO]   0.0% (2.0 MB)
2026-10-03 18:24:30 [INFO]   0.0% (2.0 MB)
2026-10-03 18:24:30 [INFO]   0.0% (2.0 MB)
2026-10-03 18:24:30 [INFO]   0.0% (2.0 MB)
2026-10-03 18:24:30 [INFO]   0.0% (2.0 MB)
2026-10-03 18:24:30 [INFO]   0.0% (2.0 MB)
2026-10-03 18:24:30 [INFO]   0.0% (2.0 MB)
2026-10-03 18:24:31 [INFO]   ✓ f105.jpg — 2.99 MB en 5.4s
2026-10-03 18:24:31 [INFO]   ⏸  Pausa 11.8s...
2026-10-03 18:24:43 [INFO] [88/122] f106
2026-10-03 18:24:46 [INFO]   0.0% (0.0 MB)
2026-10-03 18:24:46 [INFO]   0.0% (0.0 MB)
2026-10-03 18:24:46 [INFO]   0.0% (0.0 MB)
2026-10-03 18:24:46 [INFO]   0.0% (0.0 MB)
2026-10-03 18:24:46 [INFO]   0.0% (0.0 MB)
2026-10-03 18:24:46 [INFO]   0.0% (0.0 MB)
2026-10-03 18:24:46 [INFO]   0.0% (0.0 MB)
2026-10-03 18:24:46 [INFO]   0.0% (0.0 MB)
2026-10-03 18:24:46 [INFO]   0.0% (0.0 MB)
2026-10-03 18:24:46 [INFO]   0.0% (0.0 MB)
2026-10-03 18:24:47 [INFO]   0.0% (0.0 MB)
2026-10-03 18:24:49 [INFO]   0.0% (1.0 MB)
2026-10-03 18:24:49 [INFO]   0.0% (1.0 MB)
2026-10-03 18:24:49 [INFO]   0.0% (1.0 MB)
2026-10-03 18:24:49 [INFO]   0.0% (1.0 MB)
2026-10-03 18:24:49 [INFO]   0.0% (1.0 MB)
2026-10-03 18:24:49 [INFO]   0.0% (1.0 MB)
2026-10-03 18:24:49 [INFO]   0.0% (1.0 MB)
2026-10-03 18:24:49 [INFO]   0.0% (1.0 MB)
2026-10-03 18:24:49 [INFO]   0.0% (1.0 MB)
2026-10-03 18:24:49 [INFO]   0.0% (1.0 MB)
2026-10-03 18:24:49 [INFO]   0.0% (1.0 MB)
2026-10-03 18:24:49 [INFO]   0.0% (1.0 MB)
2026-10-03 18:24:50 [INFO]   0.0% (2.0 MB)
2026-10-03 18:24:50 [INFO]   0.0% (2.0 MB)
2026-10-03 18:24:50 [INFO]   0.0% (2.0 MB)
2026-10-03 18:24:50 [INFO]   0.0% (2.0 MB)
2026-10-03 18:24:50 [INFO]   0.0% (2.0 MB)
2026-10-03 18:24:50 [INFO]   0.0% (2.0 MB)
2026-10-03 18:24:50 [INFO]   0.0% (2.0 MB)
2026-10-03 18:24:50 [INFO]   0.0% (2.0 MB)
2026-10-03 18:24:50 [INFO]   0.0% (2.0 MB)
2026-10-03 18:24:50 [INFO]   0.0% (2.0 MB)
2026-10-03 18:24:50 [INFO]   0.0% (2.0 MB)
2026-10-03 18:24:50 [INFO]   0.0% (2.0 MB)
2026-10-03 18:24:51 [INFO]   ✓ f106.jpg — 2.60 MB en 4.9s
2026-10-03 18:24:51 [INFO]   ⏸  Pausa 10.6s...
2026-10-03 18:25:02 [INFO] [89/122] f107
2026-10-03 18:25:05 [INFO]   0.0% (0.0 MB)
2026-10-03 18:25:05 [INFO]   0.0% (0.0 MB)
2026-10-03 18:25:05 [INFO]   0.0% (0.0 MB)
2026-10-03 18:25:05 [INFO]   0.0% (0.0 MB)
2026-10-03 18:25:05 [INFO]   0.0% (0.0 MB)
2026-10-03 18:25:05 [INFO]   0.0% (0.0 MB)
2026-10-03 18:25:05 [INFO]   0.0% (0.0 MB)
2026-10-03 18:25:05 [INFO]   0.0% (0.0 MB)
2026-10-03 18:25:05 [INFO]   0.0% (0.0 MB)
2026-10-03 18:25:05 [INFO]   0.0% (0.0 MB)
2026-10-03 18:25:05 [INFO]   0.0% (0.0 MB)
2026-10-03 18:25:07 [INFO]   0.0% (1.0 MB)
2026-10-03 18:25:07 [INFO]   0.0% (1.0 MB)
2026-10-03 18:25:07 [INFO]   0.0% (1.0 MB)
2026-10-03 18:25:07 [INFO]   0.0% (1.0 MB)
2026-10-03 18:25:07 [INFO]   0.0% (1.0 MB)
2026-10-03 18:25:07 [INFO]   0.0% (1.0 MB)
2026-10-03 18:25:07 [INFO]   0.0% (1.0 MB)
2026-10-03 18:25:07 [INFO]   0.0% (1.0 MB)
2026-10-03 18:25:07 [INFO]   0.0% (1.0 MB)
2026-10-03 18:25:07 [INFO]   0.0% (1.0 MB)
2026-10-03 18:25:07 [INFO]   0.0% (1.0 MB)
2026-10-03 18:25:07 [INFO]   0.0% (1.0 MB)
2026-10-03 18:25:08 [INFO]   0.0% (2.0 MB)
2026-10-03 18:25:08 [INFO]   0.0% (2.0 MB)
2026-10-03 18:25:08 [INFO]   0.0% (2.0 MB)
2026-10-03 18:25:08 [INFO]   0.0% (2.0 MB)
2026-10-03 18:25:08 [INFO]   0.0% (2.0 MB)
2026-10-03 18:25:08 [INFO]   0.0% (2.0 MB)
2026-10-03 18:25:08 [INFO]   0.0% (2.0 MB)
2026-10-03 18:25:08 [INFO]   0.0% (2.0 MB)
2026-10-03 18:25:08 [INFO]   0.0% (2.0 MB)
2026-10-03 18:25:08 [INFO]   0.0% (2.0 MB)
2026-10-03 18:25:08 [INFO]   0.0% (2.0 MB)
2026-10-03 18:25:08 [INFO]   0.0% (2.0 MB)
2026-10-03 18:25:09 [INFO]   ✓ f107.jpg — 2.69 MB en 4.9s
2026-10-03 18:25:09 [INFO]   ⏸  Pausa 19.1s...
2026-10-03 18:25:29 [INFO] [90/122] f108
2026-10-03 18:25:31 [INFO]   0.0% (0.0 MB)
2026-10-03 18:25:31 [INFO]   0.0% (0.0 MB)
2026-10-03 18:25:31 [INFO]   0.0% (0.0 MB)
2026-10-03 18:25:31 [INFO]   0.0% (0.0 MB)
2026-10-03 18:25:31 [INFO]   0.0% (0.0 MB)
2026-10-03 18:25:31 [INFO]   0.0% (0.0 MB)
2026-10-03 18:25:31 [INFO]   0.0% (0.0 MB)
2026-10-03 18:25:31 [INFO]   0.0% (0.0 MB)
2026-10-03 18:25:31 [INFO]   0.0% (0.0 MB)
2026-10-03 18:25:31 [INFO]   0.0% (0.0 MB)
2026-10-03 18:25:32 [INFO]   0.0% (0.0 MB)
2026-10-03 18:25:35 [INFO]   0.0% (1.0 MB)
2026-10-03 18:25:35 [INFO]   0.0% (1.0 MB)
2026-10-03 18:25:35 [INFO]   0.0% (1.0 MB)
2026-10-03 18:25:35 [INFO]   0.0% (1.0 MB)
2026-10-03 18:25:35 [INFO]   0.0% (1.0 MB)
2026-10-03 18:25:35 [INFO]   0.0% (1.0 MB)
2026-10-03 18:25:35 [INFO]   0.0% (1.0 MB)
2026-10-03 18:25:35 [INFO]   0.0% (1.0 MB)
2026-10-03 18:25:35 [INFO]   0.0% (1.0 MB)
2026-10-03 18:25:35 [INFO]   0.0% (1.0 MB)
2026-10-03 18:25:35 [INFO]   0.0% (1.0 MB)
2026-10-03 18:25:35 [INFO]   0.0% (1.0 MB)
2026-10-03 18:25:37 [INFO]   0.0% (2.0 MB)
2026-10-03 18:25:37 [INFO]   0.0% (2.0 MB)
2026-10-03 18:25:37 [INFO]   0.0% (2.0 MB)
2026-10-03 18:25:37 [INFO]   0.0% (2.0 MB)
2026-10-03 18:25:37 [INFO]   0.0% (2.0 MB)
2026-10-03 18:25:37 [INFO]   0.0% (2.0 MB)
2026-10-03 18:25:37 [INFO]   0.0% (2.0 MB)
2026-10-03 18:25:37 [INFO]   0.0% (2.0 MB)
2026-10-03 18:25:37 [INFO]   0.0% (2.0 MB)
2026-10-03 18:25:37 [INFO]   0.0% (2.0 MB)
2026-10-03 18:25:37 [INFO]   0.0% (2.0 MB)
2026-10-03 18:25:37 [INFO]   0.0% (2.0 MB)
2026-10-03 18:25:38 [INFO]   0.0% (3.0 MB)
2026-10-03 18:25:38 [INFO]   0.0% (3.0 MB)
2026-10-03 18:25:38 [INFO]   0.0% (3.0 MB)
2026-10-03 18:25:38 [INFO]   0.0% (3.0 MB)
2026-10-03 18:25:38 [INFO]   0.0% (3.0 MB)
2026-10-03 18:25:38 [INFO]   0.0% (3.0 MB)
2026-10-03 18:25:38 [INFO]   0.0% (3.0 MB)
2026-10-03 18:25:38 [INFO]   0.0% (3.0 MB)
2026-10-03 18:25:38 [INFO]   ✓ f108.jpg — 3.02 MB en 6.9s
2026-10-03 18:25:38 [INFO]   ⏸  Pausa 13.2s...
2026-10-03 18:25:51 [INFO] [91/122] f109
2026-10-03 18:25:54 [INFO]   0.0% (0.0 MB)
2026-10-03 18:25:54 [INFO]   0.0% (0.0 MB)
2026-10-03 18:25:54 [INFO]   0.0% (0.0 MB)
2026-10-03 18:25:54 [INFO]   0.0% (0.0 MB)
2026-10-03 18:25:54 [INFO]   0.0% (0.0 MB)
2026-10-03 18:25:54 [INFO]   0.0% (0.0 MB)
2026-10-03 18:25:54 [INFO]   0.0% (0.0 MB)
2026-10-03 18:25:54 [INFO]   0.0% (0.0 MB)
2026-10-03 18:25:54 [INFO]   0.0% (0.0 MB)
2026-10-03 18:25:54 [INFO]   0.0% (0.0 MB)
2026-10-03 18:25:55 [INFO]   0.0% (0.0 MB)
2026-10-03 18:25:57 [INFO]   0.0% (1.0 MB)
2026-10-03 18:25:57 [INFO]   0.0% (1.0 MB)
2026-10-03 18:25:57 [INFO]   0.0% (1.0 MB)
2026-10-03 18:25:57 [INFO]   0.0% (1.0 MB)
2026-10-03 18:25:57 [INFO]   0.0% (1.0 MB)
2026-10-03 18:25:57 [INFO]   0.0% (1.0 MB)
2026-10-03 18:25:57 [INFO]   0.0% (1.0 MB)
2026-10-03 18:25:57 [INFO]   0.0% (1.0 MB)
2026-10-03 18:25:57 [INFO]   0.0% (1.0 MB)
2026-10-03 18:25:57 [INFO]   0.0% (1.0 MB)
2026-10-03 18:25:57 [INFO]   0.0% (1.0 MB)
2026-10-03 18:25:57 [INFO]   0.0% (1.0 MB)
2026-10-03 18:25:58 [INFO]   0.0% (2.0 MB)
2026-10-03 18:25:58 [INFO]   0.0% (2.0 MB)
2026-10-03 18:25:58 [INFO]   0.0% (2.0 MB)
2026-10-03 18:25:58 [INFO]   0.0% (2.0 MB)
2026-10-03 18:25:58 [INFO]   0.0% (2.0 MB)
2026-10-03 18:25:58 [INFO]   0.0% (2.0 MB)
2026-10-03 18:25:58 [INFO]   0.0% (2.0 MB)
2026-10-03 18:25:58 [INFO]   0.0% (2.0 MB)
2026-10-03 18:25:58 [INFO]   0.0% (2.0 MB)
2026-10-03 18:25:58 [INFO]   0.0% (2.0 MB)
2026-10-03 18:25:58 [INFO]   0.0% (2.0 MB)
2026-10-03 18:25:58 [INFO]   0.0% (2.0 MB)
2026-10-03 18:26:00 [INFO]   0.0% (3.0 MB)
2026-10-03 18:26:00 [INFO]   0.0% (3.0 MB)
2026-10-03 18:26:00 [INFO]   0.0% (3.0 MB)
2026-10-03 18:26:00 [INFO]   0.0% (3.0 MB)
2026-10-03 18:26:00 [INFO]   0.0% (3.0 MB)
2026-10-03 18:26:00 [INFO]   0.0% (3.0 MB)
2026-10-03 18:26:00 [INFO]   0.0% (3.0 MB)
2026-10-03 18:26:00 [INFO]   0.0% (3.0 MB)
2026-10-03 18:26:00 [INFO]   0.0% (3.0 MB)
2026-10-03 18:26:00 [INFO]   0.0% (3.0 MB)
2026-10-03 18:26:00 [INFO]   0.0% (3.0 MB)
2026-10-03 18:26:00 [INFO]   0.0% (3.0 MB)
2026-10-03 18:26:00 [INFO]   ✓ f109.jpg — 3.33 MB en 6.2s
2026-10-03 18:26:00 [INFO]   ⏸  Pausa 19.0s...
2026-10-03 18:26:19 [INFO] [92/122] f110
2026-10-03 18:26:22 [INFO]   0.0% (0.0 MB)
2026-10-03 18:26:22 [INFO]   0.0% (0.0 MB)
2026-10-03 18:26:22 [INFO]   0.0% (0.0 MB)
2026-10-03 18:26:22 [INFO]   0.0% (0.0 MB)
2026-10-03 18:26:22 [INFO]   0.0% (0.0 MB)
2026-10-03 18:26:22 [INFO]   0.0% (0.0 MB)
2026-10-03 18:26:22 [INFO]   0.0% (0.0 MB)
2026-10-03 18:26:22 [INFO]   0.0% (0.0 MB)
2026-10-03 18:26:22 [INFO]   0.0% (0.0 MB)
2026-10-03 18:26:22 [INFO]   0.0% (0.0 MB)
2026-10-03 18:26:22 [INFO]   0.0% (0.0 MB)
2026-10-03 18:26:25 [INFO]   0.0% (1.0 MB)
2026-10-03 18:26:25 [INFO]   0.0% (1.0 MB)
2026-10-03 18:26:25 [INFO]   0.0% (1.0 MB)
2026-10-03 18:26:25 [INFO]   0.0% (1.0 MB)
2026-10-03 18:26:25 [INFO]   0.0% (1.0 MB)
2026-10-03 18:26:25 [INFO]   0.0% (1.0 MB)
2026-10-03 18:26:25 [INFO]   0.0% (1.0 MB)
2026-10-03 18:26:25 [INFO]   0.0% (1.0 MB)
2026-10-03 18:26:25 [INFO]   0.0% (1.0 MB)
2026-10-03 18:26:25 [INFO]   0.0% (1.0 MB)
2026-10-03 18:26:25 [INFO]   0.0% (1.0 MB)
2026-10-03 18:26:25 [INFO]   0.0% (1.0 MB)
2026-10-03 18:26:26 [INFO]   0.0% (2.0 MB)
2026-10-03 18:26:26 [INFO]   0.0% (2.0 MB)
2026-10-03 18:26:26 [INFO]   0.0% (2.0 MB)
2026-10-03 18:26:26 [INFO]   0.0% (2.0 MB)
2026-10-03 18:26:26 [INFO]   0.0% (2.0 MB)
2026-10-03 18:26:26 [INFO]   0.0% (2.0 MB)
2026-10-03 18:26:26 [INFO]   0.0% (2.0 MB)
2026-10-03 18:26:26 [INFO]   0.0% (2.0 MB)
2026-10-03 18:26:26 [INFO]   0.0% (2.0 MB)
2026-10-03 18:26:26 [INFO]   0.0% (2.0 MB)
2026-10-03 18:26:26 [INFO]   0.0% (2.0 MB)
2026-10-03 18:26:26 [INFO]   0.0% (2.0 MB)
2026-10-03 18:26:27 [INFO]   ✓ f110.jpg — 2.76 MB en 5.2s
2026-10-03 18:26:27 [INFO]   ⏸  Pausa 13.1s...
2026-10-03 18:26:40 [INFO] [93/122] f111
2026-10-03 18:26:43 [INFO]   0.0% (0.0 MB)
2026-10-03 18:26:44 [INFO]   0.0% (0.0 MB)
2026-10-03 18:26:44 [INFO]   0.0% (0.0 MB)
2026-10-03 18:26:44 [INFO]   0.0% (0.0 MB)
2026-10-03 18:26:44 [INFO]   0.0% (0.0 MB)
2026-10-03 18:26:44 [INFO]   0.0% (0.0 MB)
2026-10-03 18:26:44 [INFO]   0.0% (0.0 MB)
2026-10-03 18:26:44 [INFO]   0.0% (0.0 MB)
2026-10-03 18:26:44 [INFO]   0.0% (0.0 MB)
2026-10-03 18:26:44 [INFO]   0.0% (0.0 MB)
2026-10-03 18:26:44 [INFO]   0.0% (0.0 MB)
2026-10-03 18:26:46 [INFO]   0.0% (1.0 MB)
2026-10-03 18:26:46 [INFO]   0.0% (1.0 MB)
2026-10-03 18:26:46 [INFO]   0.0% (1.0 MB)
2026-10-03 18:26:46 [INFO]   0.0% (1.0 MB)
2026-10-03 18:26:46 [INFO]   0.0% (1.0 MB)
2026-10-03 18:26:46 [INFO]   0.0% (1.0 MB)
2026-10-03 18:26:46 [INFO]   0.0% (1.0 MB)
2026-10-03 18:26:46 [INFO]   0.0% (1.0 MB)
2026-10-03 18:26:46 [INFO]   0.0% (1.0 MB)
2026-10-03 18:26:46 [INFO]   0.0% (1.0 MB)
2026-10-03 18:26:47 [INFO]   0.0% (1.0 MB)
2026-10-03 18:26:47 [INFO]   0.0% (1.0 MB)
2026-10-03 18:26:48 [INFO]   0.0% (2.0 MB)
2026-10-03 18:26:48 [INFO]   0.0% (2.0 MB)
2026-10-03 18:26:48 [INFO]   0.0% (2.0 MB)
2026-10-03 18:26:48 [INFO]   0.0% (2.0 MB)
2026-10-03 18:26:48 [INFO]   0.0% (2.0 MB)
2026-10-03 18:26:48 [INFO]   0.0% (2.0 MB)
2026-10-03 18:26:48 [INFO]   0.0% (2.0 MB)
2026-10-03 18:26:48 [INFO]   0.0% (2.0 MB)
2026-10-03 18:26:48 [INFO]   0.0% (2.0 MB)
2026-10-03 18:26:48 [INFO]   0.0% (2.0 MB)
2026-10-03 18:26:48 [INFO]   0.0% (2.0 MB)
2026-10-03 18:26:48 [INFO]   0.0% (2.0 MB)
2026-10-03 18:26:49 [INFO]   ✓ f111.jpg — 2.97 MB en 5.9s
2026-10-03 18:26:49 [INFO]   ⏸  Pausa 16.3s...
2026-10-03 18:27:06 [INFO] [94/122] f112
2026-10-03 18:27:08 [INFO]   0.0% (0.0 MB)
2026-10-03 18:27:08 [INFO]   0.0% (0.0 MB)
2026-10-03 18:27:08 [INFO]   0.0% (0.0 MB)
2026-10-03 18:27:08 [INFO]   0.0% (0.0 MB)
2026-10-03 18:27:08 [INFO]   0.0% (0.0 MB)
2026-10-03 18:27:08 [INFO]   0.0% (0.0 MB)
2026-10-03 18:27:08 [INFO]   0.0% (0.0 MB)
2026-10-03 18:27:08 [INFO]   0.0% (0.0 MB)
2026-10-03 18:27:08 [INFO]   0.0% (0.0 MB)
2026-10-03 18:27:08 [INFO]   0.0% (0.0 MB)
2026-10-03 18:27:09 [INFO]   0.0% (0.0 MB)
2026-10-03 18:27:11 [INFO]   0.0% (1.0 MB)
2026-10-03 18:27:11 [INFO]   0.0% (1.0 MB)
2026-10-03 18:27:11 [INFO]   0.0% (1.0 MB)
2026-10-03 18:27:11 [INFO]   0.0% (1.0 MB)
2026-10-03 18:27:11 [INFO]   0.0% (1.0 MB)
2026-10-03 18:27:11 [INFO]   0.0% (1.0 MB)
2026-10-03 18:27:11 [INFO]   0.0% (1.0 MB)
2026-10-03 18:27:11 [INFO]   0.0% (1.0 MB)
2026-10-03 18:27:11 [INFO]   0.0% (1.0 MB)
2026-10-03 18:27:11 [INFO]   0.0% (1.0 MB)
2026-10-03 18:27:11 [INFO]   0.0% (1.0 MB)
2026-10-03 18:27:11 [INFO]   0.0% (1.0 MB)
2026-10-03 18:27:12 [INFO]   0.0% (2.0 MB)
2026-10-03 18:27:12 [INFO]   0.0% (2.0 MB)
2026-10-03 18:27:12 [INFO]   0.0% (2.0 MB)
2026-10-03 18:27:12 [INFO]   0.0% (2.0 MB)
2026-10-03 18:27:12 [INFO]   0.0% (2.0 MB)
2026-10-03 18:27:12 [INFO]   0.0% (2.0 MB)
2026-10-03 18:27:12 [INFO]   0.0% (2.0 MB)
2026-10-03 18:27:12 [INFO]   0.0% (2.0 MB)
2026-10-03 18:27:12 [INFO]   0.0% (2.0 MB)
2026-10-03 18:27:12 [INFO]   0.0% (2.0 MB)
2026-10-03 18:27:12 [INFO]   0.0% (2.0 MB)
2026-10-03 18:27:12 [INFO]   0.0% (2.0 MB)
2026-10-03 18:27:14 [INFO]   0.0% (3.0 MB)
2026-10-03 18:27:14 [INFO]   0.0% (3.0 MB)
2026-10-03 18:27:14 [INFO]   0.0% (3.0 MB)
2026-10-03 18:27:14 [INFO]   0.0% (3.0 MB)
2026-10-03 18:27:14 [INFO]   0.0% (3.0 MB)
2026-10-03 18:27:14 [INFO]   0.0% (3.0 MB)
2026-10-03 18:27:14 [INFO]   0.0% (3.0 MB)
2026-10-03 18:27:14 [INFO]   0.0% (3.0 MB)
2026-10-03 18:27:14 [INFO]   0.0% (3.0 MB)
2026-10-03 18:27:14 [INFO]   0.0% (3.0 MB)
2026-10-03 18:27:14 [INFO]   0.0% (3.0 MB)
2026-10-03 18:27:14 [INFO]   0.0% (3.0 MB)
2026-10-03 18:27:14 [INFO]   ✓ f112.jpg — 3.06 MB en 5.5s
2026-10-03 18:27:14 [INFO]   ⏸  Pausa 11.8s...
2026-10-03 18:27:26 [INFO] [95/122] f113
2026-10-03 18:27:29 [INFO]   0.0% (0.0 MB)
2026-10-03 18:27:29 [INFO]   0.0% (0.0 MB)
2026-10-03 18:27:29 [INFO]   0.0% (0.0 MB)
2026-10-03 18:27:29 [INFO]   0.0% (0.0 MB)
2026-10-03 18:27:29 [INFO]   0.0% (0.0 MB)
2026-10-03 18:27:29 [INFO]   0.0% (0.0 MB)
2026-10-03 18:27:29 [INFO]   0.0% (0.0 MB)
2026-10-03 18:27:29 [INFO]   0.0% (0.0 MB)
2026-10-03 18:27:29 [INFO]   0.0% (0.0 MB)
2026-10-03 18:27:29 [INFO]   0.0% (0.0 MB)
2026-10-03 18:27:29 [INFO]   0.0% (0.0 MB)
2026-10-03 18:27:32 [INFO]   0.0% (1.0 MB)
2026-10-03 18:27:32 [INFO]   0.0% (1.0 MB)
2026-10-03 18:27:32 [INFO]   0.0% (1.0 MB)
2026-10-03 18:27:32 [INFO]   0.0% (1.0 MB)
2026-10-03 18:27:32 [INFO]   0.0% (1.0 MB)
2026-10-03 18:27:32 [INFO]   0.0% (1.0 MB)
2026-10-03 18:27:32 [INFO]   0.0% (1.0 MB)
2026-10-03 18:27:32 [INFO]   0.0% (1.0 MB)
2026-10-03 18:27:32 [INFO]   0.0% (1.0 MB)
2026-10-03 18:27:32 [INFO]   0.0% (1.0 MB)
2026-10-03 18:27:32 [INFO]   0.0% (1.0 MB)
2026-10-03 18:27:32 [INFO]   0.0% (1.0 MB)
2026-10-03 18:27:33 [INFO]   0.0% (2.0 MB)
2026-10-03 18:27:33 [INFO]   0.0% (2.0 MB)
2026-10-03 18:27:33 [INFO]   0.0% (2.0 MB)
2026-10-03 18:27:33 [INFO]   0.0% (2.0 MB)
2026-10-03 18:27:33 [INFO]   0.0% (2.0 MB)
2026-10-03 18:27:33 [INFO]   0.0% (2.0 MB)
2026-10-03 18:27:33 [INFO]   0.0% (2.0 MB)
2026-10-03 18:27:33 [INFO]   0.0% (2.0 MB)
2026-10-03 18:27:33 [INFO]   0.0% (2.0 MB)
2026-10-03 18:27:33 [INFO]   0.0% (2.0 MB)
2026-10-03 18:27:33 [INFO]   0.0% (2.0 MB)
2026-10-03 18:27:33 [INFO]   0.0% (2.0 MB)
2026-10-03 18:27:34 [INFO]   0.0% (3.0 MB)
2026-10-03 18:27:34 [INFO]   0.0% (3.0 MB)
2026-10-03 18:27:34 [INFO]   0.0% (3.0 MB)
2026-10-03 18:27:34 [INFO]   0.0% (3.0 MB)
2026-10-03 18:27:34 [INFO]   0.0% (3.0 MB)
2026-10-03 18:27:34 [INFO]   0.0% (3.0 MB)
2026-10-03 18:27:34 [INFO]   0.0% (3.0 MB)
2026-10-03 18:27:34 [INFO]   0.0% (3.0 MB)
2026-10-03 18:27:34 [INFO]   0.0% (3.0 MB)
2026-10-03 18:27:34 [INFO]   0.0% (3.0 MB)
2026-10-03 18:27:34 [INFO]   0.0% (3.0 MB)
2026-10-03 18:27:34 [INFO]   0.0% (3.0 MB)
2026-10-03 18:27:35 [INFO]   ✓ f113.jpg — 3.12 MB en 5.8s
2026-10-03 18:27:35 [INFO]   ⏸  Pausa 19.1s...
2026-10-03 18:27:54 [INFO] [96/122] f114
2026-10-03 18:27:57 [INFO]   0.0% (0.0 MB)
2026-10-03 18:27:57 [INFO]   0.0% (0.0 MB)
2026-10-03 18:27:57 [INFO]   0.0% (0.0 MB)
2026-10-03 18:27:57 [INFO]   0.0% (0.0 MB)
2026-10-03 18:27:57 [INFO]   0.0% (0.0 MB)
2026-10-03 18:27:57 [INFO]   0.0% (0.0 MB)
2026-10-03 18:27:57 [INFO]   0.0% (0.0 MB)
2026-10-03 18:27:57 [INFO]   0.0% (0.0 MB)
2026-10-03 18:27:57 [INFO]   0.0% (0.0 MB)
2026-10-03 18:27:57 [INFO]   0.0% (0.0 MB)
2026-10-03 18:27:57 [INFO]   0.0% (0.0 MB)
2026-10-03 18:28:00 [INFO]   0.0% (1.0 MB)
2026-10-03 18:28:00 [INFO]   0.0% (1.0 MB)
2026-10-03 18:28:00 [INFO]   0.0% (1.0 MB)
2026-10-03 18:28:00 [INFO]   0.0% (1.0 MB)
2026-10-03 18:28:00 [INFO]   0.0% (1.0 MB)
2026-10-03 18:28:00 [INFO]   0.0% (1.0 MB)
2026-10-03 18:28:00 [INFO]   0.0% (1.0 MB)
2026-10-03 18:28:00 [INFO]   0.0% (1.0 MB)
2026-10-03 18:28:00 [INFO]   0.0% (1.0 MB)
2026-10-03 18:28:00 [INFO]   0.0% (1.0 MB)
2026-10-03 18:28:00 [INFO]   0.0% (1.0 MB)
2026-10-03 18:28:00 [INFO]   0.0% (1.0 MB)
2026-10-03 18:28:01 [INFO]   0.0% (2.0 MB)
2026-10-03 18:28:01 [INFO]   0.0% (2.0 MB)
2026-10-03 18:28:01 [INFO]   0.0% (2.0 MB)
2026-10-03 18:28:01 [INFO]   0.0% (2.0 MB)
2026-10-03 18:28:01 [INFO]   0.0% (2.0 MB)
2026-10-03 18:28:01 [INFO]   0.0% (2.0 MB)
2026-10-03 18:28:01 [INFO]   0.0% (2.0 MB)
2026-10-03 18:28:01 [INFO]   0.0% (2.0 MB)
2026-10-03 18:28:01 [INFO]   0.0% (2.0 MB)
2026-10-03 18:28:01 [INFO]   0.0% (2.0 MB)
2026-10-03 18:28:01 [INFO]   0.0% (2.0 MB)
2026-10-03 18:28:01 [INFO]   0.0% (2.0 MB)
2026-10-03 18:28:02 [INFO]   ✓ f114.jpg — 2.55 MB en 5.3s
2026-10-03 18:28:02 [INFO]   ⏸  Pausa 9.4s...
2026-10-03 18:28:11 [INFO] [97/122] f115
2026-10-03 18:28:14 [INFO]   0.0% (0.0 MB)
2026-10-03 18:28:14 [INFO]   0.0% (0.0 MB)
2026-10-03 18:28:14 [INFO]   0.0% (0.0 MB)
2026-10-03 18:28:14 [INFO]   0.0% (0.0 MB)
2026-10-03 18:28:14 [INFO]   0.0% (0.0 MB)
2026-10-03 18:28:14 [INFO]   0.0% (0.0 MB)
2026-10-03 18:28:14 [INFO]   0.0% (0.0 MB)
2026-10-03 18:28:14 [INFO]   0.0% (0.0 MB)
2026-10-03 18:28:14 [INFO]   0.0% (0.0 MB)
2026-10-03 18:28:14 [INFO]   0.0% (0.0 MB)
2026-10-03 18:28:14 [INFO]   0.0% (0.0 MB)
2026-10-03 18:28:16 [INFO]   0.0% (1.0 MB)
2026-10-03 18:28:16 [INFO]   0.0% (1.0 MB)
2026-10-03 18:28:16 [INFO]   0.0% (1.0 MB)
2026-10-03 18:28:16 [INFO]   0.0% (1.0 MB)
2026-10-03 18:28:16 [INFO]   0.0% (1.0 MB)
2026-10-03 18:28:16 [INFO]   0.0% (1.0 MB)
2026-10-03 18:28:16 [INFO]   0.0% (1.0 MB)
2026-10-03 18:28:16 [INFO]   0.0% (1.0 MB)
2026-10-03 18:28:16 [INFO]   0.0% (1.0 MB)
2026-10-03 18:28:16 [INFO]   0.0% (1.0 MB)
2026-10-03 18:28:16 [INFO]   0.0% (1.0 MB)
2026-10-03 18:28:16 [INFO]   0.0% (1.0 MB)
2026-10-03 18:28:18 [INFO]   0.0% (2.0 MB)
2026-10-03 18:28:18 [INFO]   0.0% (2.0 MB)
2026-10-03 18:28:18 [INFO]   0.0% (2.0 MB)
2026-10-03 18:28:18 [INFO]   0.0% (2.0 MB)
2026-10-03 18:28:18 [INFO]   0.0% (2.0 MB)
2026-10-03 18:28:18 [INFO]   0.0% (2.0 MB)
2026-10-03 18:28:18 [INFO]   0.0% (2.0 MB)
2026-10-03 18:28:18 [INFO]   0.0% (2.0 MB)
2026-10-03 18:28:18 [INFO]   0.0% (2.0 MB)
2026-10-03 18:28:18 [INFO]   0.0% (2.0 MB)
2026-10-03 18:28:18 [INFO]   0.0% (2.0 MB)
2026-10-03 18:28:18 [INFO]   0.0% (2.0 MB)
2026-10-03 18:28:19 [INFO]   ✓ f115.jpg — 2.80 MB en 5.1s
2026-10-03 18:28:19 [INFO]   ⏸  Pausa 16.2s...
2026-10-03 18:28:35 [INFO] [98/122] f116
2026-10-03 18:28:38 [INFO]   0.0% (0.0 MB)
2026-10-03 18:28:38 [INFO]   0.0% (0.0 MB)
2026-10-03 18:28:38 [INFO]   0.0% (0.0 MB)
2026-10-03 18:28:38 [INFO]   0.0% (0.0 MB)
2026-10-03 18:28:38 [INFO]   0.0% (0.0 MB)
2026-10-03 18:28:38 [INFO]   0.0% (0.0 MB)
2026-10-03 18:28:38 [INFO]   0.0% (0.0 MB)
2026-10-03 18:28:38 [INFO]   0.0% (0.0 MB)
2026-10-03 18:28:38 [INFO]   0.0% (0.0 MB)
2026-10-03 18:28:38 [INFO]   0.0% (0.0 MB)
2026-10-03 18:28:38 [INFO]   0.0% (0.0 MB)
2026-10-03 18:28:41 [INFO]   0.0% (1.0 MB)
2026-10-03 18:28:41 [INFO]   0.0% (1.0 MB)
2026-10-03 18:28:41 [INFO]   0.0% (1.0 MB)
2026-10-03 18:28:41 [INFO]   0.0% (1.0 MB)
2026-10-03 18:28:41 [INFO]   0.0% (1.0 MB)
2026-10-03 18:28:41 [INFO]   0.0% (1.0 MB)
2026-10-03 18:28:41 [INFO]   0.0% (1.0 MB)
2026-10-03 18:28:41 [INFO]   0.0% (1.0 MB)
2026-10-03 18:28:41 [INFO]   0.0% (1.0 MB)
2026-10-03 18:28:41 [INFO]   0.0% (1.0 MB)
2026-10-03 18:28:41 [INFO]   0.0% (1.0 MB)
2026-10-03 18:28:41 [INFO]   0.0% (1.0 MB)
2026-10-03 18:28:42 [INFO]   0.0% (2.0 MB)
2026-10-03 18:28:42 [INFO]   0.0% (2.0 MB)
2026-10-03 18:28:42 [INFO]   0.0% (2.0 MB)
2026-10-03 18:28:42 [INFO]   0.0% (2.0 MB)
2026-10-03 18:28:42 [INFO]   0.0% (2.0 MB)
2026-10-03 18:28:42 [INFO]   0.0% (2.0 MB)
2026-10-03 18:28:42 [INFO]   0.0% (2.0 MB)
2026-10-03 18:28:42 [INFO]   0.0% (2.0 MB)
2026-10-03 18:28:42 [INFO]   0.0% (2.0 MB)
2026-10-03 18:28:42 [INFO]   0.0% (2.0 MB)
2026-10-03 18:28:42 [INFO]   0.0% (2.0 MB)
2026-10-03 18:28:42 [INFO]   0.0% (2.0 MB)
2026-10-03 18:28:44 [INFO]   ✓ f116.jpg — 3.00 MB en 5.9s
2026-10-03 18:28:44 [INFO]   ⏸  Pausa 8.3s...
2026-10-03 18:28:52 [INFO] [99/122] f117
2026-10-03 18:28:55 [INFO]   0.0% (0.0 MB)
2026-10-03 18:28:55 [INFO]   0.0% (0.0 MB)
2026-10-03 18:28:55 [INFO]   0.0% (0.0 MB)
2026-10-03 18:28:55 [INFO]   0.0% (0.0 MB)
2026-10-03 18:28:55 [INFO]   0.0% (0.0 MB)
2026-10-03 18:28:55 [INFO]   0.0% (0.0 MB)
2026-10-03 18:28:55 [INFO]   0.0% (0.0 MB)
2026-10-03 18:28:55 [INFO]   0.0% (0.0 MB)
2026-10-03 18:28:55 [INFO]   0.0% (0.0 MB)
2026-10-03 18:28:55 [INFO]   0.0% (0.0 MB)
2026-10-03 18:28:55 [INFO]   0.0% (0.0 MB)
2026-10-03 18:28:58 [INFO]   0.0% (1.0 MB)
2026-10-03 18:28:58 [INFO]   0.0% (1.0 MB)
2026-10-03 18:28:58 [INFO]   0.0% (1.0 MB)
2026-10-03 18:28:58 [INFO]   0.0% (1.0 MB)
2026-10-03 18:28:58 [INFO]   0.0% (1.0 MB)
2026-10-03 18:28:58 [INFO]   0.0% (1.0 MB)
2026-10-03 18:28:58 [INFO]   0.0% (1.0 MB)
2026-10-03 18:28:58 [INFO]   0.0% (1.0 MB)
2026-10-03 18:28:58 [INFO]   0.0% (1.0 MB)
2026-10-03 18:28:58 [INFO]   0.0% (1.0 MB)
2026-10-03 18:28:58 [INFO]   0.0% (1.0 MB)
2026-10-03 18:28:58 [INFO]   0.0% (1.0 MB)
2026-10-03 18:28:59 [INFO]   0.0% (2.0 MB)
2026-10-03 18:28:59 [INFO]   0.0% (2.0 MB)
2026-10-03 18:28:59 [INFO]   0.0% (2.0 MB)
2026-10-03 18:28:59 [INFO]   0.0% (2.0 MB)
2026-10-03 18:28:59 [INFO]   0.0% (2.0 MB)
2026-10-03 18:28:59 [INFO]   0.0% (2.0 MB)
2026-10-03 18:28:59 [INFO]   0.0% (2.0 MB)
2026-10-03 18:28:59 [INFO]   0.0% (2.0 MB)
2026-10-03 18:28:59 [INFO]   0.0% (2.0 MB)
2026-10-03 18:28:59 [INFO]   0.0% (2.0 MB)
2026-10-03 18:28:59 [INFO]   0.0% (2.0 MB)
2026-10-03 18:28:59 [INFO]   0.0% (2.0 MB)
2026-10-03 18:29:01 [INFO]   ✓ f117.jpg — 2.92 MB en 5.5s
2026-10-03 18:29:01 [INFO]   ⏸  Pausa 17.5s...
2026-10-03 18:29:18 [INFO] [100/122] f118
2026-10-03 18:29:21 [INFO]   0.0% (0.0 MB)
2026-10-03 18:29:21 [INFO]   0.0% (0.0 MB)
2026-10-03 18:29:21 [INFO]   0.0% (0.0 MB)
2026-10-03 18:29:21 [INFO]   0.0% (0.0 MB)
2026-10-03 18:29:21 [INFO]   0.0% (0.0 MB)
2026-10-03 18:29:21 [INFO]   0.0% (0.0 MB)
2026-10-03 18:29:21 [INFO]   0.0% (0.0 MB)
2026-10-03 18:29:22 [INFO]   0.0% (0.0 MB)
2026-10-03 18:29:22 [INFO]   0.0% (0.0 MB)
2026-10-03 18:29:22 [INFO]   0.0% (0.0 MB)
2026-10-03 18:29:22 [INFO]   0.0% (0.0 MB)
2026-10-03 18:29:24 [INFO]   0.0% (1.0 MB)
2026-10-03 18:29:24 [INFO]   0.0% (1.0 MB)
2026-10-03 18:29:24 [INFO]   0.0% (1.0 MB)
2026-10-03 18:29:24 [INFO]   0.0% (1.0 MB)
2026-10-03 18:29:24 [INFO]   0.0% (1.0 MB)
2026-10-03 18:29:24 [INFO]   0.0% (1.0 MB)
2026-10-03 18:29:24 [INFO]   0.0% (1.0 MB)
2026-10-03 18:29:24 [INFO]   0.0% (1.0 MB)
2026-10-03 18:29:24 [INFO]   0.0% (1.0 MB)
2026-10-03 18:29:24 [INFO]   0.0% (1.0 MB)
2026-10-03 18:29:24 [INFO]   0.0% (1.0 MB)
2026-10-03 18:29:24 [INFO]   0.0% (1.0 MB)
2026-10-03 18:29:25 [INFO]   0.0% (2.0 MB)
2026-10-03 18:29:25 [INFO]   0.0% (2.0 MB)
2026-10-03 18:29:25 [INFO]   0.0% (2.0 MB)
2026-10-03 18:29:25 [INFO]   0.0% (2.0 MB)
2026-10-03 18:29:25 [INFO]   0.0% (2.0 MB)
2026-10-03 18:29:25 [INFO]   0.0% (2.0 MB)
2026-10-03 18:29:25 [INFO]   0.0% (2.0 MB)
2026-10-03 18:29:25 [INFO]   0.0% (2.0 MB)
2026-10-03 18:29:25 [INFO]   0.0% (2.0 MB)
2026-10-03 18:29:25 [INFO]   0.0% (2.0 MB)
2026-10-03 18:29:25 [INFO]   0.0% (2.0 MB)
2026-10-03 18:29:25 [INFO]   0.0% (2.0 MB)
2026-10-03 18:29:26 [INFO]   ✓ f118.jpg — 2.48 MB en 4.8s
2026-10-03 18:29:26 [INFO]   ⏸  Pausa 9.8s...
2026-10-03 18:29:36 [INFO] [101/122] f119
2026-10-03 18:29:39 [INFO]   0.0% (0.0 MB)
2026-10-03 18:29:39 [INFO]   0.0% (0.0 MB)
2026-10-03 18:29:39 [INFO]   0.0% (0.0 MB)
2026-10-03 18:29:39 [INFO]   0.0% (0.0 MB)
2026-10-03 18:29:39 [INFO]   0.0% (0.0 MB)
2026-10-03 18:29:39 [INFO]   0.0% (0.0 MB)
2026-10-03 18:29:39 [INFO]   0.0% (0.0 MB)
2026-10-03 18:29:39 [INFO]   0.0% (0.0 MB)
2026-10-03 18:29:39 [INFO]   0.0% (0.0 MB)
2026-10-03 18:29:39 [INFO]   0.0% (0.0 MB)
2026-10-03 18:29:39 [INFO]   0.0% (0.0 MB)
2026-10-03 18:29:41 [INFO]   0.0% (1.0 MB)
2026-10-03 18:29:41 [INFO]   0.0% (1.0 MB)
2026-10-03 18:29:41 [INFO]   0.0% (1.0 MB)
2026-10-03 18:29:41 [INFO]   0.0% (1.0 MB)
2026-10-03 18:29:41 [INFO]   0.0% (1.0 MB)
2026-10-03 18:29:41 [INFO]   0.0% (1.0 MB)
2026-10-03 18:29:41 [INFO]   0.0% (1.0 MB)
2026-10-03 18:29:41 [INFO]   0.0% (1.0 MB)
2026-10-03 18:29:41 [INFO]   0.0% (1.0 MB)
2026-10-03 18:29:41 [INFO]   0.0% (1.0 MB)
2026-10-03 18:29:41 [INFO]   0.0% (1.0 MB)
2026-10-03 18:29:41 [INFO]   0.0% (1.0 MB)
2026-10-03 18:29:43 [INFO]   0.0% (2.0 MB)
2026-10-03 18:29:43 [INFO]   0.0% (2.0 MB)
2026-10-03 18:29:43 [INFO]   0.0% (2.0 MB)
2026-10-03 18:29:43 [INFO]   0.0% (2.0 MB)
2026-10-03 18:29:43 [INFO]   0.0% (2.0 MB)
2026-10-03 18:29:43 [INFO]   0.0% (2.0 MB)
2026-10-03 18:29:43 [INFO]   0.0% (2.0 MB)
2026-10-03 18:29:43 [INFO]   0.0% (2.0 MB)
2026-10-03 18:29:43 [INFO]   0.0% (2.0 MB)
2026-10-03 18:29:43 [INFO]   0.0% (2.0 MB)
2026-10-03 18:29:43 [INFO]   0.0% (2.0 MB)
2026-10-03 18:29:43 [INFO]   0.0% (2.0 MB)
2026-10-03 18:29:44 [INFO]   ✓ f119.jpg — 2.81 MB en 5.1s
2026-10-03 18:29:44 [INFO]   ⏸  Pausa 19.1s...
2026-10-03 18:30:03 [INFO] [102/122] f120
2026-10-03 18:30:06 [INFO]   0.0% (0.0 MB)
2026-10-03 18:30:06 [INFO]   0.0% (0.0 MB)
2026-10-03 18:30:06 [INFO]   0.0% (0.0 MB)
2026-10-03 18:30:06 [INFO]   0.0% (0.0 MB)
2026-10-03 18:30:06 [INFO]   0.0% (0.0 MB)
2026-10-03 18:30:06 [INFO]   0.0% (0.0 MB)
2026-10-03 18:30:06 [INFO]   0.0% (0.0 MB)
2026-10-03 18:30:06 [INFO]   0.0% (0.0 MB)
2026-10-03 18:30:06 [INFO]   0.0% (0.0 MB)
2026-10-03 18:30:06 [INFO]   0.0% (0.0 MB)
2026-10-03 18:30:06 [INFO]   0.0% (0.0 MB)
2026-10-03 18:30:08 [INFO]   0.0% (1.0 MB)
2026-10-03 18:30:08 [INFO]   0.0% (1.0 MB)
2026-10-03 18:30:08 [INFO]   0.0% (1.0 MB)
2026-10-03 18:30:08 [INFO]   0.0% (1.0 MB)
2026-10-03 18:30:08 [INFO]   0.0% (1.0 MB)
2026-10-03 18:30:08 [INFO]   0.0% (1.0 MB)
2026-10-03 18:30:08 [INFO]   0.0% (1.0 MB)
2026-10-03 18:30:08 [INFO]   0.0% (1.0 MB)
2026-10-03 18:30:08 [INFO]   0.0% (1.0 MB)
2026-10-03 18:30:08 [INFO]   0.0% (1.0 MB)
2026-10-03 18:30:09 [INFO]   0.0% (1.0 MB)
2026-10-03 18:30:09 [INFO]   0.0% (1.0 MB)
2026-10-03 18:30:10 [INFO]   0.0% (2.0 MB)
2026-10-03 18:30:10 [INFO]   0.0% (2.0 MB)
2026-10-03 18:30:10 [INFO]   0.0% (2.0 MB)
2026-10-03 18:30:10 [INFO]   0.0% (2.0 MB)
2026-10-03 18:30:10 [INFO]   0.0% (2.0 MB)
2026-10-03 18:30:10 [INFO]   0.0% (2.0 MB)
2026-10-03 18:30:10 [INFO]   0.0% (2.0 MB)
2026-10-03 18:30:10 [INFO]   0.0% (2.0 MB)
2026-10-03 18:30:10 [INFO]   0.0% (2.0 MB)
2026-10-03 18:30:10 [INFO]   0.0% (2.0 MB)
2026-10-03 18:30:10 [INFO]   0.0% (2.0 MB)
2026-10-03 18:30:10 [INFO]   0.0% (2.0 MB)
2026-10-03 18:30:11 [INFO]   0.0% (3.0 MB)
2026-10-03 18:30:11 [INFO]   0.0% (3.0 MB)
2026-10-03 18:30:11 [INFO]   0.0% (3.0 MB)
2026-10-03 18:30:11 [INFO]   0.0% (3.0 MB)
2026-10-03 18:30:11 [INFO]   0.0% (3.0 MB)
2026-10-03 18:30:11 [INFO]   0.0% (3.0 MB)
2026-10-03 18:30:11 [INFO]   0.0% (3.0 MB)
2026-10-03 18:30:11 [INFO]   0.0% (3.0 MB)
2026-10-03 18:30:11 [INFO]   0.0% (3.0 MB)
2026-10-03 18:30:11 [INFO]   0.0% (3.0 MB)
2026-10-03 18:30:11 [INFO]   0.0% (3.0 MB)
2026-10-03 18:30:11 [INFO]   0.0% (3.0 MB)
2026-10-03 18:30:12 [INFO]   ✓ f120.jpg — 3.15 MB en 6.1s
2026-10-03 18:30:12 [INFO]   ⏸  Pausa 10.8s...
2026-10-03 18:30:22 [INFO] [103/122] f121
2026-10-03 18:30:26 [INFO]   0.0% (0.0 MB)
2026-10-03 18:30:26 [INFO]   0.0% (0.0 MB)
2026-10-03 18:30:26 [INFO]   0.0% (0.0 MB)
2026-10-03 18:30:26 [INFO]   0.0% (0.0 MB)
2026-10-03 18:30:26 [INFO]   0.0% (0.0 MB)
2026-10-03 18:30:26 [INFO]   0.0% (0.0 MB)
2026-10-03 18:30:26 [INFO]   0.0% (0.0 MB)
2026-10-03 18:30:26 [INFO]   0.0% (0.0 MB)
2026-10-03 18:30:26 [INFO]   0.0% (0.0 MB)
2026-10-03 18:30:26 [INFO]   0.0% (0.0 MB)
2026-10-03 18:30:26 [INFO]   0.0% (0.0 MB)
2026-10-03 18:30:28 [INFO]   0.0% (1.0 MB)
2026-10-03 18:30:28 [INFO]   0.0% (1.0 MB)
2026-10-03 18:30:28 [INFO]   0.0% (1.0 MB)
2026-10-03 18:30:28 [INFO]   0.0% (1.0 MB)
2026-10-03 18:30:28 [INFO]   0.0% (1.0 MB)
2026-10-03 18:30:28 [INFO]   0.0% (1.0 MB)
2026-10-03 18:30:28 [INFO]   0.0% (1.0 MB)
2026-10-03 18:30:28 [INFO]   0.0% (1.0 MB)
2026-10-03 18:30:28 [INFO]   0.0% (1.0 MB)
2026-10-03 18:30:28 [INFO]   0.0% (1.0 MB)
2026-10-03 18:30:28 [INFO]   0.0% (1.0 MB)
2026-10-03 18:30:28 [INFO]   0.0% (1.0 MB)
2026-10-03 18:30:30 [INFO]   0.0% (2.0 MB)
2026-10-03 18:30:30 [INFO]   0.0% (2.0 MB)
2026-10-03 18:30:30 [INFO]   0.0% (2.0 MB)
2026-10-03 18:30:30 [INFO]   0.0% (2.0 MB)
2026-10-03 18:30:30 [INFO]   0.0% (2.0 MB)
2026-10-03 18:30:30 [INFO]   0.0% (2.0 MB)
2026-10-03 18:30:30 [INFO]   0.0% (2.0 MB)
2026-10-03 18:30:30 [INFO]   0.0% (2.0 MB)
2026-10-03 18:30:30 [INFO]   0.0% (2.0 MB)
2026-10-03 18:30:30 [INFO]   0.0% (2.0 MB)
2026-10-03 18:30:30 [INFO]   0.0% (2.0 MB)
2026-10-03 18:30:30 [INFO]   0.0% (2.0 MB)
2026-10-03 18:30:31 [INFO]   ✓ f121.jpg — 2.92 MB en 5.3s
2026-10-03 18:30:31 [INFO]   ⏸  Pausa 14.5s...
2026-10-03 18:30:46 [INFO] [104/122] f122
2026-10-03 18:30:49 [INFO]   0.0% (0.0 MB)
2026-10-03 18:30:49 [INFO]   0.0% (0.0 MB)
2026-10-03 18:30:49 [INFO]   0.0% (0.0 MB)
2026-10-03 18:30:49 [INFO]   0.0% (0.0 MB)
2026-10-03 18:30:49 [INFO]   0.0% (0.0 MB)
2026-10-03 18:30:49 [INFO]   0.0% (0.0 MB)
2026-10-03 18:30:49 [INFO]   0.0% (0.0 MB)
2026-10-03 18:30:49 [INFO]   0.0% (0.0 MB)
2026-10-03 18:30:49 [INFO]   0.0% (0.0 MB)
2026-10-03 18:30:49 [INFO]   0.0% (0.0 MB)
2026-10-03 18:30:49 [INFO]   0.0% (0.0 MB)
2026-10-03 18:30:51 [INFO]   0.0% (1.0 MB)
2026-10-03 18:30:51 [INFO]   0.0% (1.0 MB)
2026-10-03 18:30:51 [INFO]   0.0% (1.0 MB)
2026-10-03 18:30:51 [INFO]   0.0% (1.0 MB)
2026-10-03 18:30:51 [INFO]   0.0% (1.0 MB)
2026-10-03 18:30:51 [INFO]   0.0% (1.0 MB)
2026-10-03 18:30:51 [INFO]   0.0% (1.0 MB)
2026-10-03 18:30:51 [INFO]   0.0% (1.0 MB)
2026-10-03 18:30:51 [INFO]   0.0% (1.0 MB)
2026-10-03 18:30:51 [INFO]   0.0% (1.0 MB)
2026-10-03 18:30:51 [INFO]   0.0% (1.0 MB)
2026-10-03 18:30:51 [INFO]   0.0% (1.0 MB)
2026-10-03 18:30:53 [INFO]   0.0% (2.0 MB)
2026-10-03 18:30:53 [INFO]   0.0% (2.0 MB)
2026-10-03 18:30:53 [INFO]   0.0% (2.0 MB)
2026-10-03 18:30:53 [INFO]   0.0% (2.0 MB)
2026-10-03 18:30:53 [INFO]   0.0% (2.0 MB)
2026-10-03 18:30:53 [INFO]   0.0% (2.0 MB)
2026-10-03 18:30:53 [INFO]   0.0% (2.0 MB)
2026-10-03 18:30:53 [INFO]   0.0% (2.0 MB)
2026-10-03 18:30:53 [INFO]   0.0% (2.0 MB)
2026-10-03 18:30:53 [INFO]   0.0% (2.0 MB)
2026-10-03 18:30:53 [INFO]   0.0% (2.0 MB)
2026-10-03 18:30:53 [INFO]   0.0% (2.0 MB)
2026-10-03 18:30:53 [INFO]   ✓ f122.jpg — 2.59 MB en 4.7s
2026-10-03 18:30:53 [INFO]   ⏸  Pausa 19.2s...
2026-10-03 18:31:13 [INFO] [105/122] f123
2026-10-03 18:31:15 [INFO]   0.0% (0.0 MB)
2026-10-03 18:31:16 [INFO]   0.0% (0.0 MB)
2026-10-03 18:31:16 [INFO]   0.0% (0.0 MB)
2026-10-03 18:31:16 [INFO]   0.0% (0.0 MB)
2026-10-03 18:31:16 [INFO]   0.0% (0.0 MB)
2026-10-03 18:31:16 [INFO]   0.0% (0.0 MB)
2026-10-03 18:31:16 [INFO]   0.0% (0.0 MB)
2026-10-03 18:31:16 [INFO]   0.0% (0.0 MB)
2026-10-03 18:31:16 [INFO]   0.0% (0.0 MB)
2026-10-03 18:31:16 [INFO]   0.0% (0.0 MB)
2026-10-03 18:31:16 [INFO]   0.0% (0.0 MB)
2026-10-03 18:31:18 [INFO]   0.0% (1.0 MB)
2026-10-03 18:31:18 [INFO]   0.0% (1.0 MB)
2026-10-03 18:31:18 [INFO]   0.0% (1.0 MB)
2026-10-03 18:31:18 [INFO]   0.0% (1.0 MB)
2026-10-03 18:31:18 [INFO]   0.0% (1.0 MB)
2026-10-03 18:31:18 [INFO]   0.0% (1.0 MB)
2026-10-03 18:31:18 [INFO]   0.0% (1.0 MB)
2026-10-03 18:31:18 [INFO]   0.0% (1.0 MB)
2026-10-03 18:31:18 [INFO]   0.0% (1.0 MB)
2026-10-03 18:31:18 [INFO]   0.0% (1.0 MB)
2026-10-03 18:31:18 [INFO]   0.0% (1.0 MB)
2026-10-03 18:31:18 [INFO]   0.0% (1.0 MB)
2026-10-03 18:31:19 [INFO]   0.0% (2.0 MB)
2026-10-03 18:31:19 [INFO]   0.0% (2.0 MB)
2026-10-03 18:31:19 [INFO]   0.0% (2.0 MB)
2026-10-03 18:31:19 [INFO]   0.0% (2.0 MB)
2026-10-03 18:31:19 [INFO]   0.0% (2.0 MB)
2026-10-03 18:31:19 [INFO]   0.0% (2.0 MB)
2026-10-03 18:31:19 [INFO]   0.0% (2.0 MB)
2026-10-03 18:31:19 [INFO]   0.0% (2.0 MB)
2026-10-03 18:31:19 [INFO]   0.0% (2.0 MB)
2026-10-03 18:31:19 [INFO]   0.0% (2.0 MB)
2026-10-03 18:31:19 [INFO]   0.0% (2.0 MB)
2026-10-03 18:31:19 [INFO]   0.0% (2.0 MB)
2026-10-03 18:31:21 [INFO]   ✓ f123.jpg — 2.92 MB en 5.2s
2026-10-03 18:31:21 [INFO]   ⏸  Pausa 8.4s...
2026-10-03 18:31:29 [INFO] [106/122] f124
2026-10-03 18:31:32 [INFO]   0.0% (0.0 MB)
2026-10-03 18:31:32 [INFO]   0.0% (0.0 MB)
2026-10-03 18:31:32 [INFO]   0.0% (0.0 MB)
2026-10-03 18:31:32 [INFO]   0.0% (0.0 MB)
2026-10-03 18:31:32 [INFO]   0.0% (0.0 MB)
2026-10-03 18:31:32 [INFO]   0.0% (0.0 MB)
2026-10-03 18:31:32 [INFO]   0.0% (0.0 MB)
2026-10-03 18:31:32 [INFO]   0.0% (0.0 MB)
2026-10-03 18:31:32 [INFO]   0.0% (0.0 MB)
2026-10-03 18:31:32 [INFO]   0.0% (0.0 MB)
2026-10-03 18:31:32 [INFO]   0.0% (0.0 MB)
2026-10-03 18:31:35 [INFO]   0.0% (1.0 MB)
2026-10-03 18:31:35 [INFO]   0.0% (1.0 MB)
2026-10-03 18:31:35 [INFO]   0.0% (1.0 MB)
2026-10-03 18:31:35 [INFO]   0.0% (1.0 MB)
2026-10-03 18:31:35 [INFO]   0.0% (1.0 MB)
2026-10-03 18:31:35 [INFO]   0.0% (1.0 MB)
2026-10-03 18:31:35 [INFO]   0.0% (1.0 MB)
2026-10-03 18:31:35 [INFO]   0.0% (1.0 MB)
2026-10-03 18:31:35 [INFO]   0.0% (1.0 MB)
2026-10-03 18:31:35 [INFO]   0.0% (1.0 MB)
2026-10-03 18:31:35 [INFO]   0.0% (1.0 MB)
2026-10-03 18:31:35 [INFO]   0.0% (1.0 MB)
2026-10-03 18:31:36 [INFO]   0.0% (2.0 MB)
2026-10-03 18:31:36 [INFO]   0.0% (2.0 MB)
2026-10-03 18:31:36 [INFO]   0.0% (2.0 MB)
2026-10-03 18:31:36 [INFO]   0.0% (2.0 MB)
2026-10-03 18:31:36 [INFO]   0.0% (2.0 MB)
2026-10-03 18:31:36 [INFO]   0.0% (2.0 MB)
2026-10-03 18:31:36 [INFO]   0.0% (2.0 MB)
2026-10-03 18:31:36 [INFO]   0.0% (2.0 MB)
2026-10-03 18:31:36 [INFO]   0.0% (2.0 MB)
2026-10-03 18:31:36 [INFO]   0.0% (2.0 MB)
2026-10-03 18:31:36 [INFO]   0.0% (2.0 MB)
2026-10-03 18:31:36 [INFO]   0.0% (2.0 MB)
2026-10-03 18:31:38 [INFO]   0.0% (3.0 MB)
2026-10-03 18:31:38 [INFO]   0.0% (3.0 MB)
2026-10-03 18:31:38 [INFO]   0.0% (3.0 MB)
2026-10-03 18:31:38 [INFO]   0.0% (3.0 MB)
2026-10-03 18:31:38 [INFO]   0.0% (3.0 MB)
2026-10-03 18:31:38 [INFO]   0.0% (3.0 MB)
2026-10-03 18:31:38 [INFO]   0.0% (3.0 MB)
2026-10-03 18:31:38 [INFO]   0.0% (3.0 MB)
2026-10-03 18:31:38 [INFO]   0.0% (3.0 MB)
2026-10-03 18:31:38 [INFO]   0.0% (3.0 MB)
2026-10-03 18:31:38 [INFO]   0.0% (3.0 MB)
2026-10-03 18:31:38 [INFO]   0.0% (3.0 MB)
2026-10-03 18:31:38 [INFO]   ✓ f124.jpg — 3.30 MB en 6.2s
2026-10-03 18:31:38 [INFO]   ⏸  Pausa 16.4s...
2026-10-03 18:31:54 [INFO] [107/122] f125
2026-10-03 18:31:57 [INFO]   0.0% (0.0 MB)
2026-10-03 18:31:58 [INFO]   0.0% (0.0 MB)
2026-10-03 18:31:58 [INFO]   0.0% (0.0 MB)
2026-10-03 18:31:58 [INFO]   0.0% (0.0 MB)
2026-10-03 18:31:58 [INFO]   0.0% (0.0 MB)
2026-10-03 18:31:58 [INFO]   0.0% (0.0 MB)
2026-10-03 18:31:58 [INFO]   0.0% (0.0 MB)
2026-10-03 18:31:58 [INFO]   0.0% (0.0 MB)
2026-10-03 18:31:58 [INFO]   0.0% (0.0 MB)
2026-10-03 18:31:58 [INFO]   0.0% (0.0 MB)
2026-10-03 18:31:58 [INFO]   0.0% (0.0 MB)
2026-10-03 18:32:01 [INFO]   0.0% (1.0 MB)
2026-10-03 18:32:01 [INFO]   0.0% (1.0 MB)
2026-10-03 18:32:01 [INFO]   0.0% (1.0 MB)
2026-10-03 18:32:01 [INFO]   0.0% (1.0 MB)
2026-10-03 18:32:01 [INFO]   0.0% (1.0 MB)
2026-10-03 18:32:01 [INFO]   0.0% (1.0 MB)
2026-10-03 18:32:01 [INFO]   0.0% (1.0 MB)
2026-10-03 18:32:01 [INFO]   0.0% (1.0 MB)
2026-10-03 18:32:01 [INFO]   0.0% (1.0 MB)
2026-10-03 18:32:01 [INFO]   0.0% (1.0 MB)
2026-10-03 18:32:01 [INFO]   0.0% (1.0 MB)
2026-10-03 18:32:01 [INFO]   0.0% (1.0 MB)
2026-10-03 18:32:02 [INFO]   0.0% (2.0 MB)
2026-10-03 18:32:02 [INFO]   0.0% (2.0 MB)
2026-10-03 18:32:02 [INFO]   0.0% (2.0 MB)
2026-10-03 18:32:02 [INFO]   0.0% (2.0 MB)
2026-10-03 18:32:02 [INFO]   0.0% (2.0 MB)
2026-10-03 18:32:02 [INFO]   0.0% (2.0 MB)
2026-10-03 18:32:02 [INFO]   0.0% (2.0 MB)
2026-10-03 18:32:02 [INFO]   0.0% (2.0 MB)
2026-10-03 18:32:02 [INFO]   0.0% (2.0 MB)
2026-10-03 18:32:02 [INFO]   0.0% (2.0 MB)
2026-10-03 18:32:02 [INFO]   0.0% (2.0 MB)
2026-10-03 18:32:02 [INFO]   0.0% (2.0 MB)
2026-10-03 18:32:04 [INFO]   0.0% (3.0 MB)
2026-10-03 18:32:04 [INFO]   0.0% (3.0 MB)
2026-10-03 18:32:04 [INFO]   0.0% (3.0 MB)
2026-10-03 18:32:04 [INFO]   0.0% (3.0 MB)
2026-10-03 18:32:04 [INFO]   0.0% (3.0 MB)
2026-10-03 18:32:04 [INFO]   0.0% (3.0 MB)
2026-10-03 18:32:04 [INFO]   0.0% (3.0 MB)
2026-10-03 18:32:04 [INFO]   0.0% (3.0 MB)
2026-10-03 18:32:04 [INFO]   0.0% (3.0 MB)
2026-10-03 18:32:04 [INFO]   0.0% (3.0 MB)
2026-10-03 18:32:04 [INFO]   0.0% (3.0 MB)
2026-10-03 18:32:04 [INFO]   0.0% (3.0 MB)
2026-10-03 18:32:04 [INFO]   ✓ f125.jpg — 3.10 MB en 6.7s
2026-10-03 18:32:04 [INFO]   ⏸  Pausa 10.5s...
2026-10-03 18:32:15 [INFO] [108/122] f126
2026-10-03 18:32:18 [INFO]   0.0% (0.0 MB)
2026-10-03 18:32:18 [INFO]   0.0% (0.0 MB)
2026-10-03 18:32:18 [INFO]   0.0% (0.0 MB)
2026-10-03 18:32:18 [INFO]   0.0% (0.0 MB)
2026-10-03 18:32:18 [INFO]   0.0% (0.0 MB)
2026-10-03 18:32:18 [INFO]   0.0% (0.0 MB)
2026-10-03 18:32:18 [INFO]   0.0% (0.0 MB)
2026-10-03 18:32:18 [INFO]   0.0% (0.0 MB)
2026-10-03 18:32:18 [INFO]   0.0% (0.0 MB)
2026-10-03 18:32:18 [INFO]   0.0% (0.0 MB)
2026-10-03 18:32:18 [INFO]   0.0% (0.0 MB)
2026-10-03 18:32:21 [INFO]   0.0% (1.0 MB)
2026-10-03 18:32:21 [INFO]   0.0% (1.0 MB)
2026-10-03 18:32:21 [INFO]   0.0% (1.0 MB)
2026-10-03 18:32:21 [INFO]   0.0% (1.0 MB)
2026-10-03 18:32:21 [INFO]   0.0% (1.0 MB)
2026-10-03 18:32:21 [INFO]   0.0% (1.0 MB)
2026-10-03 18:32:21 [INFO]   0.0% (1.0 MB)
2026-10-03 18:32:21 [INFO]   0.0% (1.0 MB)
2026-10-03 18:32:21 [INFO]   0.0% (1.0 MB)
2026-10-03 18:32:21 [INFO]   0.0% (1.0 MB)
2026-10-03 18:32:21 [INFO]   0.0% (1.0 MB)
2026-10-03 18:32:21 [INFO]   0.0% (1.0 MB)
2026-10-03 18:32:22 [INFO]   0.0% (2.0 MB)
2026-10-03 18:32:22 [INFO]   0.0% (2.0 MB)
2026-10-03 18:32:22 [INFO]   0.0% (2.0 MB)
2026-10-03 18:32:22 [INFO]   0.0% (2.0 MB)
2026-10-03 18:32:22 [INFO]   0.0% (2.0 MB)
2026-10-03 18:32:22 [INFO]   0.0% (2.0 MB)
2026-10-03 18:32:22 [INFO]   0.0% (2.0 MB)
2026-10-03 18:32:22 [INFO]   0.0% (2.0 MB)
2026-10-03 18:32:22 [INFO]   0.0% (2.0 MB)
2026-10-03 18:32:22 [INFO]   0.0% (2.0 MB)
2026-10-03 18:32:22 [INFO]   0.0% (2.0 MB)
2026-10-03 18:32:22 [INFO]   0.0% (2.0 MB)
2026-10-03 18:32:24 [INFO]   ✓ f126.jpg — 2.80 MB en 5.5s
2026-10-03 18:32:24 [INFO]   ⏸  Pausa 8.1s...
2026-10-03 18:32:32 [INFO] [109/122] f127
2026-10-03 18:32:35 [INFO]   0.0% (0.0 MB)
2026-10-03 18:32:35 [INFO]   0.0% (0.0 MB)
2026-10-03 18:32:35 [INFO]   0.0% (0.0 MB)
2026-10-03 18:32:35 [INFO]   0.0% (0.0 MB)
2026-10-03 18:32:35 [INFO]   0.0% (0.0 MB)
2026-10-03 18:32:35 [INFO]   0.0% (0.0 MB)
2026-10-03 18:32:35 [INFO]   0.0% (0.0 MB)
2026-10-03 18:32:35 [INFO]   0.0% (0.0 MB)
2026-10-03 18:32:35 [INFO]   0.0% (0.0 MB)
2026-10-03 18:32:35 [INFO]   0.0% (0.0 MB)
2026-10-03 18:32:35 [INFO]   0.0% (0.0 MB)
2026-10-03 18:32:37 [INFO]   0.0% (1.0 MB)
2026-10-03 18:32:37 [INFO]   0.0% (1.0 MB)
2026-10-03 18:32:37 [INFO]   0.0% (1.0 MB)
2026-10-03 18:32:37 [INFO]   0.0% (1.0 MB)
2026-10-03 18:32:37 [INFO]   0.0% (1.0 MB)
2026-10-03 18:32:37 [INFO]   0.0% (1.0 MB)
2026-10-03 18:32:37 [INFO]   0.0% (1.0 MB)
2026-10-03 18:32:37 [INFO]   0.0% (1.0 MB)
2026-10-03 18:32:37 [INFO]   0.0% (1.0 MB)
2026-10-03 18:32:37 [INFO]   0.0% (1.0 MB)
2026-10-03 18:32:37 [INFO]   0.0% (1.0 MB)
2026-10-03 18:32:37 [INFO]   0.0% (1.0 MB)
2026-10-03 18:32:39 [INFO]   0.0% (2.0 MB)
2026-10-03 18:32:39 [INFO]   0.0% (2.0 MB)
2026-10-03 18:32:39 [INFO]   0.0% (2.0 MB)
2026-10-03 18:32:39 [INFO]   0.0% (2.0 MB)
2026-10-03 18:32:39 [INFO]   0.0% (2.0 MB)
2026-10-03 18:32:39 [INFO]   0.0% (2.0 MB)
2026-10-03 18:32:39 [INFO]   0.0% (2.0 MB)
2026-10-03 18:32:39 [INFO]   0.0% (2.0 MB)
2026-10-03 18:32:39 [INFO]   0.0% (2.0 MB)
2026-10-03 18:32:39 [INFO]   0.0% (2.0 MB)
2026-10-03 18:32:39 [INFO]   0.0% (2.0 MB)
2026-10-03 18:32:39 [INFO]   0.0% (2.0 MB)
2026-10-03 18:32:40 [INFO]   ✓ f127.jpg — 2.91 MB en 5.4s
2026-10-03 18:32:40 [INFO]   ⏸  Pausa 17.0s...
2026-10-03 18:32:57 [INFO] [110/122] f128
2026-10-03 18:33:00 [INFO]   0.0% (0.0 MB)
2026-10-03 18:33:00 [INFO]   0.0% (0.0 MB)
2026-10-03 18:33:00 [INFO]   0.0% (0.0 MB)
2026-10-03 18:33:00 [INFO]   0.0% (0.0 MB)
2026-10-03 18:33:00 [INFO]   0.0% (0.0 MB)
2026-10-03 18:33:00 [INFO]   0.0% (0.0 MB)
2026-10-03 18:33:00 [INFO]   0.0% (0.0 MB)
2026-10-03 18:33:01 [INFO]   0.0% (0.0 MB)
2026-10-03 18:33:01 [INFO]   0.0% (0.0 MB)
2026-10-03 18:33:01 [INFO]   0.0% (0.0 MB)
2026-10-03 18:33:01 [INFO]   0.0% (0.0 MB)
2026-10-03 18:33:03 [INFO]   0.0% (1.0 MB)
2026-10-03 18:33:03 [INFO]   0.0% (1.0 MB)
2026-10-03 18:33:03 [INFO]   0.0% (1.0 MB)
2026-10-03 18:33:03 [INFO]   0.0% (1.0 MB)
2026-10-03 18:33:03 [INFO]   0.0% (1.0 MB)
2026-10-03 18:33:03 [INFO]   0.0% (1.0 MB)
2026-10-03 18:33:03 [INFO]   0.0% (1.0 MB)
2026-10-03 18:33:03 [INFO]   0.0% (1.0 MB)
2026-10-03 18:33:03 [INFO]   0.0% (1.0 MB)
2026-10-03 18:33:03 [INFO]   0.0% (1.0 MB)
2026-10-03 18:33:03 [INFO]   0.0% (1.0 MB)
2026-10-03 18:33:03 [INFO]   0.0% (1.0 MB)
2026-10-03 18:33:04 [INFO]   0.0% (2.0 MB)
2026-10-03 18:33:04 [INFO]   0.0% (2.0 MB)
2026-10-03 18:33:04 [INFO]   0.0% (2.0 MB)
2026-10-03 18:33:04 [INFO]   0.0% (2.0 MB)
2026-10-03 18:33:04 [INFO]   0.0% (2.0 MB)
2026-10-03 18:33:04 [INFO]   0.0% (2.0 MB)
2026-10-03 18:33:04 [INFO]   0.0% (2.0 MB)
2026-10-03 18:33:04 [INFO]   0.0% (2.0 MB)
2026-10-03 18:33:04 [INFO]   0.0% (2.0 MB)
2026-10-03 18:33:04 [INFO]   0.0% (2.0 MB)
2026-10-03 18:33:04 [INFO]   0.0% (2.0 MB)
2026-10-03 18:33:04 [INFO]   0.0% (2.0 MB)
2026-10-03 18:33:06 [INFO]   0.0% (3.0 MB)
2026-10-03 18:33:06 [INFO]   0.0% (3.0 MB)
2026-10-03 18:33:06 [INFO]   0.0% (3.0 MB)
2026-10-03 18:33:06 [INFO]   0.0% (3.0 MB)
2026-10-03 18:33:06 [INFO]   0.0% (3.0 MB)
2026-10-03 18:33:06 [INFO]   ✓ f128.jpg — 3.01 MB en 5.6s
2026-10-03 18:33:06 [INFO]   ⏸  Pausa 10.1s...
2026-10-03 18:33:16 [INFO] [111/122] f129
2026-10-03 18:33:19 [INFO]   0.0% (0.0 MB)
2026-10-03 18:33:19 [INFO]   0.0% (0.0 MB)
2026-10-03 18:33:19 [INFO]   0.0% (0.0 MB)
2026-10-03 18:33:19 [INFO]   0.0% (0.0 MB)
2026-10-03 18:33:19 [INFO]   0.0% (0.0 MB)
2026-10-03 18:33:19 [INFO]   0.0% (0.0 MB)
2026-10-03 18:33:19 [INFO]   0.0% (0.0 MB)
2026-10-03 18:33:19 [INFO]   0.0% (0.0 MB)
2026-10-03 18:33:19 [INFO]   0.0% (0.0 MB)
2026-10-03 18:33:19 [INFO]   0.0% (0.0 MB)
2026-10-03 18:33:19 [INFO]   0.0% (0.0 MB)
2026-10-03 18:33:21 [INFO]   0.0% (1.0 MB)
2026-10-03 18:33:21 [INFO]   0.0% (1.0 MB)
2026-10-03 18:33:21 [INFO]   0.0% (1.0 MB)
2026-10-03 18:33:21 [INFO]   0.0% (1.0 MB)
2026-10-03 18:33:21 [INFO]   0.0% (1.0 MB)
2026-10-03 18:33:21 [INFO]   0.0% (1.0 MB)
2026-10-03 18:33:21 [INFO]   0.0% (1.0 MB)
2026-10-03 18:33:21 [INFO]   0.0% (1.0 MB)
2026-10-03 18:33:21 [INFO]   0.0% (1.0 MB)
2026-10-03 18:33:21 [INFO]   0.0% (1.0 MB)
2026-10-03 18:33:21 [INFO]   0.0% (1.0 MB)
2026-10-03 18:33:21 [INFO]   0.0% (1.0 MB)
2026-10-03 18:33:23 [INFO]   0.0% (2.0 MB)
2026-10-03 18:33:23 [INFO]   0.0% (2.0 MB)
2026-10-03 18:33:23 [INFO]   0.0% (2.0 MB)
2026-10-03 18:33:23 [INFO]   0.0% (2.0 MB)
2026-10-03 18:33:23 [INFO]   0.0% (2.0 MB)
2026-10-03 18:33:23 [INFO]   0.0% (2.0 MB)
2026-10-03 18:33:23 [INFO]   0.0% (2.0 MB)
2026-10-03 18:33:23 [INFO]   0.0% (2.0 MB)
2026-10-03 18:33:23 [INFO]   0.0% (2.0 MB)
2026-10-03 18:33:23 [INFO]   0.0% (2.0 MB)
2026-10-03 18:33:23 [INFO]   0.0% (2.0 MB)
2026-10-03 18:33:23 [INFO]   0.0% (2.0 MB)
2026-10-03 18:33:24 [INFO]   0.0% (3.0 MB)
2026-10-03 18:33:24 [INFO]   0.0% (3.0 MB)
2026-10-03 18:33:24 [INFO]   0.0% (3.0 MB)
2026-10-03 18:33:24 [INFO]   0.0% (3.0 MB)
2026-10-03 18:33:24 [INFO]   0.0% (3.0 MB)
2026-10-03 18:33:24 [INFO]   0.0% (3.0 MB)
2026-10-03 18:33:24 [INFO]   0.0% (3.0 MB)
2026-10-03 18:33:24 [INFO]   0.0% (3.0 MB)
2026-10-03 18:33:24 [INFO]   0.0% (3.0 MB)
2026-10-03 18:33:24 [INFO]   0.0% (3.0 MB)
2026-10-03 18:33:24 [INFO]   0.0% (3.0 MB)
2026-10-03 18:33:24 [INFO]   0.0% (3.0 MB)
2026-10-03 18:33:24 [INFO]   ✓ f129.jpg — 3.17 MB en 5.5s
2026-10-03 18:33:24 [INFO]   ⏸  Pausa 15.0s...
2026-10-03 18:33:39 [INFO] [112/122] f130
2026-10-03 18:33:43 [INFO]   0.0% (0.0 MB)
2026-10-03 18:33:43 [INFO]   0.0% (0.0 MB)
2026-10-03 18:33:43 [INFO]   0.0% (0.0 MB)
2026-10-03 18:33:43 [INFO]   0.0% (0.0 MB)
2026-10-03 18:33:43 [INFO]   0.0% (0.0 MB)
2026-10-03 18:33:43 [INFO]   0.0% (0.0 MB)
2026-10-03 18:33:43 [INFO]   0.0% (0.0 MB)
2026-10-03 18:33:43 [INFO]   0.0% (0.0 MB)
2026-10-03 18:33:43 [INFO]   0.0% (0.0 MB)
2026-10-03 18:33:43 [INFO]   0.0% (0.0 MB)
2026-10-03 18:33:43 [INFO]   0.0% (0.0 MB)
2026-10-03 18:33:45 [INFO]   0.0% (1.0 MB)
2026-10-03 18:33:45 [INFO]   0.0% (1.0 MB)
2026-10-03 18:33:45 [INFO]   0.0% (1.0 MB)
2026-10-03 18:33:45 [INFO]   0.0% (1.0 MB)
2026-10-03 18:33:45 [INFO]   0.0% (1.0 MB)
2026-10-03 18:33:45 [INFO]   0.0% (1.0 MB)
2026-10-03 18:33:45 [INFO]   0.0% (1.0 MB)
2026-10-03 18:33:45 [INFO]   0.0% (1.0 MB)
2026-10-03 18:33:45 [INFO]   0.0% (1.0 MB)
2026-10-03 18:33:45 [INFO]   0.0% (1.0 MB)
2026-10-03 18:33:45 [INFO]   0.0% (1.0 MB)
2026-10-03 18:33:45 [INFO]   0.0% (1.0 MB)
2026-10-03 18:33:46 [INFO]   0.0% (2.0 MB)
2026-10-03 18:33:46 [INFO]   0.0% (2.0 MB)
2026-10-03 18:33:46 [INFO]   0.0% (2.0 MB)
2026-10-03 18:33:46 [INFO]   0.0% (2.0 MB)
2026-10-03 18:33:46 [INFO]   0.0% (2.0 MB)
2026-10-03 18:33:46 [INFO]   0.0% (2.0 MB)
2026-10-03 18:33:46 [INFO]   0.0% (2.0 MB)
2026-10-03 18:33:46 [INFO]   0.0% (2.0 MB)
2026-10-03 18:33:46 [INFO]   0.0% (2.0 MB)
2026-10-03 18:33:46 [INFO]   0.0% (2.0 MB)
2026-10-03 18:33:46 [INFO]   0.0% (2.0 MB)
2026-10-03 18:33:46 [INFO]   0.0% (2.0 MB)
2026-10-03 18:33:48 [INFO]   ✓ f130.jpg — 2.86 MB en 4.9s
2026-10-03 18:33:48 [INFO]   ⏸  Pausa 14.5s...
2026-10-03 18:34:02 [INFO] [113/122] f131
2026-10-03 18:34:05 [INFO]   0.0% (0.0 MB)
2026-10-03 18:34:05 [INFO]   0.0% (0.0 MB)
2026-10-03 18:34:05 [INFO]   0.0% (0.0 MB)
2026-10-03 18:34:05 [INFO]   0.0% (0.0 MB)
2026-10-03 18:34:05 [INFO]   0.0% (0.0 MB)
2026-10-03 18:34:05 [INFO]   0.0% (0.0 MB)
2026-10-03 18:34:05 [INFO]   0.0% (0.0 MB)
2026-10-03 18:34:05 [INFO]   0.0% (0.0 MB)
2026-10-03 18:34:05 [INFO]   0.0% (0.0 MB)
2026-10-03 18:34:05 [INFO]   0.0% (0.0 MB)
2026-10-03 18:34:05 [INFO]   0.0% (0.0 MB)
2026-10-03 18:34:08 [INFO]   0.0% (1.0 MB)
2026-10-03 18:34:08 [INFO]   0.0% (1.0 MB)
2026-10-03 18:34:08 [INFO]   0.0% (1.0 MB)
2026-10-03 18:34:08 [INFO]   0.0% (1.0 MB)
2026-10-03 18:34:08 [INFO]   0.0% (1.0 MB)
2026-10-03 18:34:08 [INFO]   0.0% (1.0 MB)
2026-10-03 18:34:08 [INFO]   0.0% (1.0 MB)
2026-10-03 18:34:08 [INFO]   0.0% (1.0 MB)
2026-10-03 18:34:08 [INFO]   0.0% (1.0 MB)
2026-10-03 18:34:08 [INFO]   0.0% (1.0 MB)
2026-10-03 18:34:08 [INFO]   0.0% (1.0 MB)
2026-10-03 18:34:08 [INFO]   0.0% (1.0 MB)
2026-10-03 18:34:09 [INFO]   0.0% (2.0 MB)
2026-10-03 18:34:09 [INFO]   0.0% (2.0 MB)
2026-10-03 18:34:09 [INFO]   0.0% (2.0 MB)
2026-10-03 18:34:09 [INFO]   0.0% (2.0 MB)
2026-10-03 18:34:09 [INFO]   0.0% (2.0 MB)
2026-10-03 18:34:09 [INFO]   0.0% (2.0 MB)
2026-10-03 18:34:09 [INFO]   0.0% (2.0 MB)
2026-10-03 18:34:09 [INFO]   0.0% (2.0 MB)
2026-10-03 18:34:09 [INFO]   0.0% (2.0 MB)
2026-10-03 18:34:09 [INFO]   0.0% (2.0 MB)
2026-10-03 18:34:09 [INFO]   0.0% (2.0 MB)
2026-10-03 18:34:09 [INFO]   0.0% (2.0 MB)
2026-10-03 18:34:10 [INFO]   ✓ f131.jpg — 2.85 MB en 5.4s
2026-10-03 18:34:10 [INFO]   ⏸  Pausa 12.6s...
2026-10-03 18:34:23 [INFO] [114/122] f132
2026-10-03 18:34:26 [INFO]   0.0% (0.0 MB)
2026-10-03 18:34:26 [INFO]   0.0% (0.0 MB)
2026-10-03 18:34:26 [INFO]   0.0% (0.0 MB)
2026-10-03 18:34:26 [INFO]   0.0% (0.0 MB)
2026-10-03 18:34:26 [INFO]   0.0% (0.0 MB)
2026-10-03 18:34:26 [INFO]   0.0% (0.0 MB)
2026-10-03 18:34:26 [INFO]   0.0% (0.0 MB)
2026-10-03 18:34:26 [INFO]   0.0% (0.0 MB)
2026-10-03 18:34:26 [INFO]   0.0% (0.0 MB)
2026-10-03 18:34:26 [INFO]   0.0% (0.0 MB)
2026-10-03 18:34:26 [INFO]   0.0% (0.0 MB)
2026-10-03 18:34:28 [INFO]   0.0% (1.0 MB)
2026-10-03 18:34:28 [INFO]   0.0% (1.0 MB)
2026-10-03 18:34:28 [INFO]   0.0% (1.0 MB)
2026-10-03 18:34:28 [INFO]   0.0% (1.0 MB)
2026-10-03 18:34:28 [INFO]   0.0% (1.0 MB)
2026-10-03 18:34:28 [INFO]   0.0% (1.0 MB)
2026-10-03 18:34:28 [INFO]   0.0% (1.0 MB)
2026-10-03 18:34:28 [INFO]   0.0% (1.0 MB)
2026-10-03 18:34:28 [INFO]   0.0% (1.0 MB)
2026-10-03 18:34:28 [INFO]   0.0% (1.0 MB)
2026-10-03 18:34:28 [INFO]   0.0% (1.0 MB)
2026-10-03 18:34:28 [INFO]   0.0% (1.0 MB)
2026-10-03 18:34:30 [INFO]   0.0% (2.0 MB)
2026-10-03 18:34:30 [INFO]   0.0% (2.0 MB)
2026-10-03 18:34:30 [INFO]   0.0% (2.0 MB)
2026-10-03 18:34:30 [INFO]   0.0% (2.0 MB)
2026-10-03 18:34:30 [INFO]   0.0% (2.0 MB)
2026-10-03 18:34:30 [INFO]   0.0% (2.0 MB)
2026-10-03 18:34:30 [INFO]   0.0% (2.0 MB)
2026-10-03 18:34:30 [INFO]   0.0% (2.0 MB)
2026-10-03 18:34:30 [INFO]   0.0% (2.0 MB)
2026-10-03 18:34:30 [INFO]   0.0% (2.0 MB)
2026-10-03 18:34:30 [INFO]   0.0% (2.0 MB)
2026-10-03 18:34:30 [INFO]   0.0% (2.0 MB)
2026-10-03 18:34:31 [INFO]   0.0% (3.0 MB)
2026-10-03 18:34:31 [INFO]   0.0% (3.0 MB)
2026-10-03 18:34:31 [INFO]   0.0% (3.0 MB)
2026-10-03 18:34:31 [INFO]   0.0% (3.0 MB)
2026-10-03 18:34:31 [INFO]   0.0% (3.0 MB)
2026-10-03 18:34:31 [INFO]   0.0% (3.0 MB)
2026-10-03 18:34:31 [INFO]   0.0% (3.0 MB)
2026-10-03 18:34:31 [INFO]   0.0% (3.0 MB)
2026-10-03 18:34:31 [INFO]   0.0% (3.0 MB)
2026-10-03 18:34:31 [INFO]   0.0% (3.0 MB)
2026-10-03 18:34:31 [INFO]   0.0% (3.0 MB)
2026-10-03 18:34:31 [INFO]   ✓ f132.jpg — 3.03 MB en 5.2s
2026-10-03 18:34:31 [INFO]   ⏸  Pausa 14.8s...
2026-10-03 18:34:46 [INFO] [115/122] f133
2026-10-03 18:34:49 [INFO]   0.0% (0.0 MB)
2026-10-03 18:34:49 [INFO]   0.0% (0.0 MB)
2026-10-03 18:34:49 [INFO]   0.0% (0.0 MB)
2026-10-03 18:34:49 [INFO]   0.0% (0.0 MB)
2026-10-03 18:34:49 [INFO]   0.0% (0.0 MB)
2026-10-03 18:34:49 [INFO]   0.0% (0.0 MB)
2026-10-03 18:34:49 [INFO]   0.0% (0.0 MB)
2026-10-03 18:34:49 [INFO]   0.0% (0.0 MB)
2026-10-03 18:34:49 [INFO]   0.0% (0.0 MB)
2026-10-03 18:34:49 [INFO]   0.0% (0.0 MB)
2026-10-03 18:34:50 [INFO]   0.0% (0.0 MB)
2026-10-03 18:34:52 [INFO]   0.0% (1.0 MB)
2026-10-03 18:34:52 [INFO]   0.0% (1.0 MB)
2026-10-03 18:34:52 [INFO]   0.0% (1.0 MB)
2026-10-03 18:34:52 [INFO]   0.0% (1.0 MB)
2026-10-03 18:34:52 [INFO]   0.0% (1.0 MB)
2026-10-03 18:34:52 [INFO]   0.0% (1.0 MB)
2026-10-03 18:34:52 [INFO]   0.0% (1.0 MB)
2026-10-03 18:34:52 [INFO]   0.0% (1.0 MB)
2026-10-03 18:34:52 [INFO]   0.0% (1.0 MB)
2026-10-03 18:34:52 [INFO]   0.0% (1.0 MB)
2026-10-03 18:34:52 [INFO]   0.0% (1.0 MB)
2026-10-03 18:34:52 [INFO]   0.0% (1.0 MB)
2026-10-03 18:34:53 [INFO]   0.0% (2.0 MB)
2026-10-03 18:34:53 [INFO]   0.0% (2.0 MB)
2026-10-03 18:34:53 [INFO]   0.0% (2.0 MB)
2026-10-03 18:34:53 [INFO]   0.0% (2.0 MB)
2026-10-03 18:34:53 [INFO]   0.0% (2.0 MB)
2026-10-03 18:34:53 [INFO]   0.0% (2.0 MB)
2026-10-03 18:34:53 [INFO]   0.0% (2.0 MB)
2026-10-03 18:34:53 [INFO]   0.0% (2.0 MB)
2026-10-03 18:34:53 [INFO]   0.0% (2.0 MB)
2026-10-03 18:34:53 [INFO]   0.0% (2.0 MB)
2026-10-03 18:34:53 [INFO]   0.0% (2.0 MB)
2026-10-03 18:34:53 [INFO]   0.0% (2.0 MB)
2026-10-03 18:34:54 [INFO]   0.0% (3.0 MB)
2026-10-03 18:34:54 [INFO]   0.0% (3.0 MB)
2026-10-03 18:34:54 [INFO]   0.0% (3.0 MB)
2026-10-03 18:34:54 [INFO]   0.0% (3.0 MB)
2026-10-03 18:34:54 [INFO]   0.0% (3.0 MB)
2026-10-03 18:34:54 [INFO]   0.0% (3.0 MB)
2026-10-03 18:34:54 [INFO]   0.0% (3.0 MB)
2026-10-03 18:34:54 [INFO]   0.0% (3.0 MB)
2026-10-03 18:34:54 [INFO]   0.0% (3.0 MB)
2026-10-03 18:34:54 [INFO]   0.0% (3.0 MB)
2026-10-03 18:34:54 [INFO]   0.0% (3.0 MB)
2026-10-03 18:34:54 [INFO]   0.0% (3.0 MB)
2026-10-03 18:34:55 [INFO]   ✓ f133.jpg — 3.30 MB en 5.8s
2026-10-03 18:34:55 [INFO]   ⏸  Pausa 10.2s...
2026-10-03 18:35:05 [INFO] [116/122] f134
2026-10-03 18:35:08 [INFO]   0.0% (0.0 MB)
2026-10-03 18:35:08 [INFO]   0.0% (0.0 MB)
2026-10-03 18:35:08 [INFO]   0.0% (0.0 MB)
2026-10-03 18:35:08 [INFO]   0.0% (0.0 MB)
2026-10-03 18:35:08 [INFO]   0.0% (0.0 MB)
2026-10-03 18:35:08 [INFO]   0.0% (0.0 MB)
2026-10-03 18:35:08 [INFO]   0.0% (0.0 MB)
2026-10-03 18:35:08 [INFO]   0.0% (0.0 MB)
2026-10-03 18:35:08 [INFO]   0.0% (0.0 MB)
2026-10-03 18:35:08 [INFO]   0.0% (0.0 MB)
2026-10-03 18:35:08 [INFO]   0.0% (0.0 MB)
2026-10-03 18:35:10 [INFO]   0.0% (1.0 MB)
2026-10-03 18:35:10 [INFO]   0.0% (1.0 MB)
2026-10-03 18:35:10 [INFO]   0.0% (1.0 MB)
2026-10-03 18:35:10 [INFO]   0.0% (1.0 MB)
2026-10-03 18:35:10 [INFO]   0.0% (1.0 MB)
2026-10-03 18:35:10 [INFO]   0.0% (1.0 MB)
2026-10-03 18:35:10 [INFO]   0.0% (1.0 MB)
2026-10-03 18:35:10 [INFO]   0.0% (1.0 MB)
2026-10-03 18:35:10 [INFO]   0.0% (1.0 MB)
2026-10-03 18:35:10 [INFO]   0.0% (1.0 MB)
2026-10-03 18:35:10 [INFO]   0.0% (1.0 MB)
2026-10-03 18:35:10 [INFO]   0.0% (1.0 MB)
2026-10-03 18:35:12 [INFO]   0.0% (2.0 MB)
2026-10-03 18:35:12 [INFO]   0.0% (2.0 MB)
2026-10-03 18:35:12 [INFO]   0.0% (2.0 MB)
2026-10-03 18:35:12 [INFO]   0.0% (2.0 MB)
2026-10-03 18:35:12 [INFO]   0.0% (2.0 MB)
2026-10-03 18:35:12 [INFO]   0.0% (2.0 MB)
2026-10-03 18:35:12 [INFO]   0.0% (2.0 MB)
2026-10-03 18:35:12 [INFO]   0.0% (2.0 MB)
2026-10-03 18:35:12 [INFO]   0.0% (2.0 MB)
2026-10-03 18:35:12 [INFO]   0.0% (2.0 MB)
2026-10-03 18:35:12 [INFO]   0.0% (2.0 MB)
2026-10-03 18:35:12 [INFO]   0.0% (2.0 MB)
2026-10-03 18:35:13 [INFO]   ✓ f134.jpg — 2.82 MB en 5.1s
2026-10-03 18:35:13 [INFO]   ⏸  Pausa 19.7s...
2026-10-03 18:35:33 [INFO] [117/122] f135
2026-10-03 18:35:37 [INFO]   0.0% (0.0 MB)
2026-10-03 18:35:37 [INFO]   0.0% (0.0 MB)
2026-10-03 18:35:37 [INFO]   0.0% (0.0 MB)
2026-10-03 18:35:37 [INFO]   0.0% (0.0 MB)
2026-10-03 18:35:37 [INFO]   0.0% (0.0 MB)
2026-10-03 18:35:37 [INFO]   0.0% (0.0 MB)
2026-10-03 18:35:37 [INFO]   0.0% (0.0 MB)
2026-10-03 18:35:37 [INFO]   0.0% (0.0 MB)
2026-10-03 18:35:37 [INFO]   0.0% (0.0 MB)
2026-10-03 18:35:37 [INFO]   0.0% (0.0 MB)
2026-10-03 18:35:37 [INFO]   0.0% (0.0 MB)
2026-10-03 18:35:39 [INFO]   0.0% (1.0 MB)
2026-10-03 18:35:39 [INFO]   0.0% (1.0 MB)
2026-10-03 18:35:39 [INFO]   0.0% (1.0 MB)
2026-10-03 18:35:39 [INFO]   0.0% (1.0 MB)
2026-10-03 18:35:39 [INFO]   0.0% (1.0 MB)
2026-10-03 18:35:39 [INFO]   0.0% (1.0 MB)
2026-10-03 18:35:39 [INFO]   0.0% (1.0 MB)
2026-10-03 18:35:39 [INFO]   0.0% (1.0 MB)
2026-10-03 18:35:39 [INFO]   0.0% (1.0 MB)
2026-10-03 18:35:39 [INFO]   0.0% (1.0 MB)
2026-10-03 18:35:39 [INFO]   0.0% (1.0 MB)
2026-10-03 18:35:39 [INFO]   0.0% (1.0 MB)
2026-10-03 18:35:40 [INFO]   0.0% (2.0 MB)
2026-10-03 18:35:40 [INFO]   0.0% (2.0 MB)
2026-10-03 18:35:40 [INFO]   0.0% (2.0 MB)
2026-10-03 18:35:40 [INFO]   0.0% (2.0 MB)
2026-10-03 18:35:40 [INFO]   0.0% (2.0 MB)
2026-10-03 18:35:40 [INFO]   0.0% (2.0 MB)
2026-10-03 18:35:40 [INFO]   0.0% (2.0 MB)
2026-10-03 18:35:40 [INFO]   0.0% (2.0 MB)
2026-10-03 18:35:40 [INFO]   0.0% (2.0 MB)
2026-10-03 18:35:40 [INFO]   0.0% (2.0 MB)
2026-10-03 18:35:40 [INFO]   0.0% (2.0 MB)
2026-10-03 18:35:40 [INFO]   0.0% (2.0 MB)
2026-10-03 18:35:42 [INFO]   0.0% (3.0 MB)
2026-10-03 18:35:42 [INFO]   0.0% (3.0 MB)
2026-10-03 18:35:42 [INFO]   0.0% (3.0 MB)
2026-10-03 18:35:42 [INFO]   0.0% (3.0 MB)
2026-10-03 18:35:42 [INFO]   0.0% (3.0 MB)
2026-10-03 18:35:42 [INFO]   0.0% (3.0 MB)
2026-10-03 18:35:42 [INFO]   0.0% (3.0 MB)
2026-10-03 18:35:42 [INFO]   0.0% (3.0 MB)
2026-10-03 18:35:42 [INFO]   0.0% (3.0 MB)
2026-10-03 18:35:42 [INFO]   0.0% (3.0 MB)
2026-10-03 18:35:42 [INFO]   0.0% (3.0 MB)
2026-10-03 18:35:42 [INFO]   0.0% (3.0 MB)
2026-10-03 18:35:42 [INFO]   ✓ f135.jpg — 3.04 MB en 5.7s
2026-10-03 18:35:42 [INFO]   ⏸  Pausa 19.8s...
2026-10-03 18:36:02 [INFO] [118/122] f136
2026-10-03 18:36:06 [INFO]   0.0% (0.0 MB)
2026-10-03 18:36:06 [INFO]   0.0% (0.0 MB)
2026-10-03 18:36:06 [INFO]   0.0% (0.0 MB)
2026-10-03 18:36:06 [INFO]   0.0% (0.0 MB)
2026-10-03 18:36:06 [INFO]   0.0% (0.0 MB)
2026-10-03 18:36:06 [INFO]   0.0% (0.0 MB)
2026-10-03 18:36:06 [INFO]   0.0% (0.0 MB)
2026-10-03 18:36:06 [INFO]   0.0% (0.0 MB)
2026-10-03 18:36:06 [INFO]   0.0% (0.0 MB)
2026-10-03 18:36:06 [INFO]   0.0% (0.0 MB)
2026-10-03 18:36:06 [INFO]   0.0% (0.0 MB)
2026-10-03 18:36:08 [INFO]   0.0% (1.0 MB)
2026-10-03 18:36:08 [INFO]   0.0% (1.0 MB)
2026-10-03 18:36:08 [INFO]   0.0% (1.0 MB)
2026-10-03 18:36:08 [INFO]   0.0% (1.0 MB)
2026-10-03 18:36:08 [INFO]   0.0% (1.0 MB)
2026-10-03 18:36:08 [INFO]   0.0% (1.0 MB)
2026-10-03 18:36:08 [INFO]   0.0% (1.0 MB)
2026-10-03 18:36:08 [INFO]   0.0% (1.0 MB)
2026-10-03 18:36:08 [INFO]   0.0% (1.0 MB)
2026-10-03 18:36:08 [INFO]   0.0% (1.0 MB)
2026-10-03 18:36:08 [INFO]   0.0% (1.0 MB)
2026-10-03 18:36:08 [INFO]   0.0% (1.0 MB)
2026-10-03 18:36:10 [INFO]   0.0% (2.0 MB)
2026-10-03 18:36:10 [INFO]   0.0% (2.0 MB)
2026-10-03 18:36:10 [INFO]   0.0% (2.0 MB)
2026-10-03 18:36:10 [INFO]   0.0% (2.0 MB)
2026-10-03 18:36:10 [INFO]   0.0% (2.0 MB)
2026-10-03 18:36:10 [INFO]   0.0% (2.0 MB)
2026-10-03 18:36:10 [INFO]   0.0% (2.0 MB)
2026-10-03 18:36:10 [INFO]   0.0% (2.0 MB)
2026-10-03 18:36:10 [INFO]   0.0% (2.0 MB)
2026-10-03 18:36:10 [INFO]   0.0% (2.0 MB)
2026-10-03 18:36:10 [INFO]   0.0% (2.0 MB)
2026-10-03 18:36:10 [INFO]   0.0% (2.0 MB)
2026-10-03 18:36:11 [INFO]   0.0% (3.0 MB)
2026-10-03 18:36:11 [INFO]   0.0% (3.0 MB)
2026-10-03 18:36:11 [INFO]   0.0% (3.0 MB)
2026-10-03 18:36:11 [INFO]   0.0% (3.0 MB)
2026-10-03 18:36:11 [INFO]   0.0% (3.0 MB)
2026-10-03 18:36:11 [INFO]   0.0% (3.0 MB)
2026-10-03 18:36:11 [INFO]   0.0% (3.0 MB)
2026-10-03 18:36:11 [INFO]   0.0% (3.0 MB)
2026-10-03 18:36:11 [INFO]   0.0% (3.0 MB)
2026-10-03 18:36:11 [INFO]   0.0% (3.0 MB)
2026-10-03 18:36:11 [INFO]   0.0% (3.0 MB)
2026-10-03 18:36:11 [INFO]   0.0% (3.0 MB)
2026-10-03 18:36:11 [INFO]   ✓ f136.jpg — 3.21 MB en 5.6s
2026-10-03 18:36:11 [INFO]   ⏸  Pausa 16.9s...
2026-10-03 18:36:28 [INFO] [119/122] f137
2026-10-03 18:36:32 [INFO]   0.0% (0.0 MB)
2026-10-03 18:36:32 [INFO]   0.0% (0.0 MB)
2026-10-03 18:36:32 [INFO]   0.0% (0.0 MB)
2026-10-03 18:36:32 [INFO]   0.0% (0.0 MB)
2026-10-03 18:36:32 [INFO]   0.0% (0.0 MB)
2026-10-03 18:36:32 [INFO]   0.0% (0.0 MB)
2026-10-03 18:36:32 [INFO]   0.0% (0.0 MB)
2026-10-03 18:36:32 [INFO]   0.0% (0.0 MB)
2026-10-03 18:36:32 [INFO]   0.0% (0.0 MB)
2026-10-03 18:36:32 [INFO]   0.0% (0.0 MB)
2026-10-03 18:36:32 [INFO]   0.0% (0.0 MB)
2026-10-03 18:36:34 [INFO]   0.0% (1.0 MB)
2026-10-03 18:36:34 [INFO]   0.0% (1.0 MB)
2026-10-03 18:36:34 [INFO]   0.0% (1.0 MB)
2026-10-03 18:36:34 [INFO]   0.0% (1.0 MB)
2026-10-03 18:36:34 [INFO]   0.0% (1.0 MB)
2026-10-03 18:36:34 [INFO]   0.0% (1.0 MB)
2026-10-03 18:36:34 [INFO]   0.0% (1.0 MB)
2026-10-03 18:36:34 [INFO]   0.0% (1.0 MB)
2026-10-03 18:36:34 [INFO]   0.0% (1.0 MB)
2026-10-03 18:36:34 [INFO]   0.0% (1.0 MB)
2026-10-03 18:36:34 [INFO]   0.0% (1.0 MB)
2026-10-03 18:36:34 [INFO]   0.0% (1.0 MB)
2026-10-03 18:36:35 [INFO]   0.0% (2.0 MB)
2026-10-03 18:36:35 [INFO]   0.0% (2.0 MB)
2026-10-03 18:36:35 [INFO]   0.0% (2.0 MB)
2026-10-03 18:36:35 [INFO]   0.0% (2.0 MB)
2026-10-03 18:36:35 [INFO]   0.0% (2.0 MB)
2026-10-03 18:36:35 [INFO]   0.0% (2.0 MB)
2026-10-03 18:36:35 [INFO]   0.0% (2.0 MB)
2026-10-03 18:36:35 [INFO]   0.0% (2.0 MB)
2026-10-03 18:36:35 [INFO]   0.0% (2.0 MB)
2026-10-03 18:36:35 [INFO]   0.0% (2.0 MB)
2026-10-03 18:36:35 [INFO]   0.0% (2.0 MB)
2026-10-03 18:36:35 [INFO]   0.0% (2.0 MB)
2026-10-03 18:36:37 [INFO]   0.0% (3.0 MB)
2026-10-03 18:36:37 [INFO]   0.0% (3.0 MB)
2026-10-03 18:36:37 [INFO]   0.0% (3.0 MB)
2026-10-03 18:36:37 [INFO]   0.0% (3.0 MB)
2026-10-03 18:36:37 [INFO]   0.0% (3.0 MB)
2026-10-03 18:36:37 [INFO]   0.0% (3.0 MB)
2026-10-03 18:36:37 [INFO]   0.0% (3.0 MB)
2026-10-03 18:36:37 [INFO]   0.0% (3.0 MB)
2026-10-03 18:36:37 [INFO]   0.0% (3.0 MB)
2026-10-03 18:36:37 [INFO]   0.0% (3.0 MB)
2026-10-03 18:36:37 [INFO]   0.0% (3.0 MB)
2026-10-03 18:36:37 [INFO]   0.0% (3.0 MB)
2026-10-03 18:36:37 [INFO]   ✓ f137.jpg — 3.28 MB en 5.6s
2026-10-03 18:36:37 [INFO]   ⏸  Pausa 17.1s...
2026-10-03 18:36:54 [INFO] [120/122] f138
2026-10-03 18:36:57 [INFO]   0.0% (0.0 MB)
2026-10-03 18:36:57 [INFO]   0.0% (0.0 MB)
2026-10-03 18:36:57 [INFO]   0.0% (0.0 MB)
2026-10-03 18:36:57 [INFO]   0.0% (0.0 MB)
2026-10-03 18:36:57 [INFO]   0.0% (0.0 MB)
2026-10-03 18:36:57 [INFO]   0.0% (0.0 MB)
2026-10-03 18:36:57 [INFO]   0.0% (0.0 MB)
2026-10-03 18:36:58 [INFO]   0.0% (0.0 MB)
2026-10-03 18:36:58 [INFO]   0.0% (0.0 MB)
2026-10-03 18:36:58 [INFO]   0.0% (0.0 MB)
2026-10-03 18:36:58 [INFO]   0.0% (0.0 MB)
2026-10-03 18:37:00 [INFO]   0.0% (1.0 MB)
2026-10-03 18:37:00 [INFO]   0.0% (1.0 MB)
2026-10-03 18:37:00 [INFO]   0.0% (1.0 MB)
2026-10-03 18:37:00 [INFO]   0.0% (1.0 MB)
2026-10-03 18:37:00 [INFO]   0.0% (1.0 MB)
2026-10-03 18:37:00 [INFO]   0.0% (1.0 MB)
2026-10-03 18:37:00 [INFO]   0.0% (1.0 MB)
2026-10-03 18:37:00 [INFO]   0.0% (1.0 MB)
2026-10-03 18:37:00 [INFO]   0.0% (1.0 MB)
2026-10-03 18:37:00 [INFO]   0.0% (1.0 MB)
2026-10-03 18:37:00 [INFO]   0.0% (1.0 MB)
2026-10-03 18:37:00 [INFO]   0.0% (1.0 MB)
2026-10-03 18:37:01 [INFO]   0.0% (2.0 MB)
2026-10-03 18:37:01 [INFO]   0.0% (2.0 MB)
2026-10-03 18:37:01 [INFO]   0.0% (2.0 MB)
2026-10-03 18:37:01 [INFO]   0.0% (2.0 MB)
2026-10-03 18:37:01 [INFO]   0.0% (2.0 MB)
2026-10-03 18:37:01 [INFO]   0.0% (2.0 MB)
2026-10-03 18:37:01 [INFO]   0.0% (2.0 MB)
2026-10-03 18:37:01 [INFO]   0.0% (2.0 MB)
2026-10-03 18:37:01 [INFO]   0.0% (2.0 MB)
2026-10-03 18:37:01 [INFO]   0.0% (2.0 MB)
2026-10-03 18:37:01 [INFO]   0.0% (2.0 MB)
2026-10-03 18:37:01 [INFO]   0.0% (2.0 MB)
2026-10-03 18:37:02 [INFO]   ✓ f138.jpg — 2.62 MB en 4.9s
2026-10-03 18:37:02 [INFO]   ⏸  Pausa 13.5s...
2026-10-03 18:37:16 [INFO] [121/122] f139
2026-10-03 18:37:18 [INFO]   0.0% (0.0 MB)
2026-10-03 18:37:18 [INFO]   0.0% (0.0 MB)
2026-10-03 18:37:18 [INFO]   0.0% (0.0 MB)
2026-10-03 18:37:18 [INFO]   0.0% (0.0 MB)
2026-10-03 18:37:18 [INFO]   0.0% (0.0 MB)
2026-10-03 18:37:18 [INFO]   0.0% (0.0 MB)
2026-10-03 18:37:18 [INFO]   0.0% (0.0 MB)
2026-10-03 18:37:19 [INFO]   0.0% (0.0 MB)
2026-10-03 18:37:19 [INFO]   0.0% (0.0 MB)
2026-10-03 18:37:19 [INFO]   0.0% (0.0 MB)
2026-10-03 18:37:19 [INFO]   0.0% (0.0 MB)
2026-10-03 18:37:21 [INFO]   0.0% (1.0 MB)
2026-10-03 18:37:21 [INFO]   0.0% (1.0 MB)
2026-10-03 18:37:21 [INFO]   0.0% (1.0 MB)
2026-10-03 18:37:21 [INFO]   0.0% (1.0 MB)
2026-10-03 18:37:21 [INFO]   0.0% (1.0 MB)
2026-10-03 18:37:21 [INFO]   0.0% (1.0 MB)
2026-10-03 18:37:21 [INFO]   0.0% (1.0 MB)
2026-10-03 18:37:21 [INFO]   0.0% (1.0 MB)
2026-10-03 18:37:21 [INFO]   0.0% (1.0 MB)
2026-10-03 18:37:21 [INFO]   0.0% (1.0 MB)
2026-10-03 18:37:21 [INFO]   0.0% (1.0 MB)
2026-10-03 18:37:21 [INFO]   0.0% (1.0 MB)
2026-10-03 18:37:23 [INFO]   0.0% (2.0 MB)
2026-10-03 18:37:23 [INFO]   0.0% (2.0 MB)
2026-10-03 18:37:23 [INFO]   0.0% (2.0 MB)
2026-10-03 18:37:23 [INFO]   0.0% (2.0 MB)
2026-10-03 18:37:23 [INFO]   0.0% (2.0 MB)
2026-10-03 18:37:23 [INFO]   0.0% (2.0 MB)
2026-10-03 18:37:23 [INFO]   0.0% (2.0 MB)
2026-10-03 18:37:23 [INFO]   0.0% (2.0 MB)
2026-10-03 18:37:23 [INFO]   0.0% (2.0 MB)
2026-10-03 18:37:23 [INFO]   0.0% (2.0 MB)
2026-10-03 18:37:23 [INFO]   0.0% (2.0 MB)
2026-10-03 18:37:23 [INFO]   0.0% (2.0 MB)
2026-10-03 18:37:24 [INFO]   ✓ f139.jpg — 2.67 MB en 5.3s
2026-10-03 18:37:24 [INFO]   ⏸  Pausa 18.5s...
2026-10-03 18:37:42 [INFO] [122/122] f140
2026-10-03 18:37:46 [INFO]   0.0% (0.0 MB)
2026-10-03 18:37:46 [INFO]   0.0% (0.0 MB)
2026-10-03 18:37:46 [INFO]   0.0% (0.0 MB)
2026-10-03 18:37:46 [INFO]   0.0% (0.0 MB)
2026-10-03 18:37:46 [INFO]   0.0% (0.0 MB)
2026-10-03 18:37:46 [INFO]   0.0% (0.0 MB)
2026-10-03 18:37:46 [INFO]   0.0% (0.0 MB)
2026-10-03 18:37:46 [INFO]   0.0% (0.0 MB)
2026-10-03 18:37:46 [INFO]   0.0% (0.0 MB)
2026-10-03 18:37:46 [INFO]   0.0% (0.0 MB)
2026-10-03 18:37:46 [INFO]   0.0% (0.0 MB)
2026-10-03 18:37:48 [INFO]   0.0% (1.0 MB)
2026-10-03 18:37:48 [INFO]   0.0% (1.0 MB)
2026-10-03 18:37:48 [INFO]   0.0% (1.0 MB)
2026-10-03 18:37:48 [INFO]   0.0% (1.0 MB)
2026-10-03 18:37:48 [INFO]   0.0% (1.0 MB)
2026-10-03 18:37:48 [INFO]   0.0% (1.0 MB)
2026-10-03 18:37:48 [INFO]   0.0% (1.0 MB)
2026-10-03 18:37:48 [INFO]   0.0% (1.0 MB)
2026-10-03 18:37:48 [INFO]   0.0% (1.0 MB)
2026-10-03 18:37:48 [INFO]   0.0% (1.0 MB)
2026-10-03 18:37:48 [INFO]   0.0% (1.0 MB)
2026-10-03 18:37:48 [INFO]   0.0% (1.0 MB)
2026-10-03 18:37:50 [INFO]   0.0% (2.0 MB)
2026-10-03 18:37:50 [INFO]   0.0% (2.0 MB)
2026-10-03 18:37:50 [INFO]   0.0% (2.0 MB)
2026-10-03 18:37:50 [INFO]   0.0% (2.0 MB)
2026-10-03 18:37:50 [INFO]   0.0% (2.0 MB)
2026-10-03 18:37:50 [INFO]   0.0% (2.0 MB)
2026-10-03 18:37:50 [INFO]   0.0% (2.0 MB)
2026-10-03 18:37:50 [INFO]   0.0% (2.0 MB)
2026-10-03 18:37:50 [INFO]   0.0% (2.0 MB)
2026-10-03 18:37:50 [INFO]   0.0% (2.0 MB)
2026-10-03 18:37:50 [INFO]   0.0% (2.0 MB)
2026-10-03 18:37:50 [INFO]   0.0% (2.0 MB)
2026-10-03 18:37:51 [INFO]   ✓ f140.jpg — 2.66 MB en 5.1s
2026-10-03 18:37:51 [INFO] ============================================================
2026-10-03 18:37:51 [INFO] Completados: 122 / 122
2026-10-03 18:37:51 [INFO] Fallidos:    0
2026-10-03 18:37:51 [INFO] Estado: datos/gallica/henoch_bnf/estado.json
2026-10-03 18:37:51 [INFO] Log:    datos/gallica/henoch_bnf/descarga.log
2026-10-03 18:37:51 [INFO] ============================================================
